{"minimum_timed_seconds":1.0,"rows":[{"candidate_identity":"e5f6476d19a21b88352ad223d71756cbd07e0178e92e51254441cbdbe23e363c","candidate_mad_over_median":0.0005382233321771547,"candidate_median_seconds":0.1837199421521897,"candidate_repeat_counts":[6,6,6,6,6,6,6,6,6],"candidate_samples_seconds":[0.18449809398346892,0.1836160431848839,0.1834251736678804,0.1835796869903182,0.1838109230156988,0.18380358283563206,0.1836431046637396,0.18381882451164225,0.1837199421521897],"complete":true,"discarded_contaminated_trial_indices":[],"faithful_identity":"e7323e7ade88aaefaa7d3aad0b0f3ea33939c784208e200ff963febaef131c75","faithful_mad_over_median":0.03989876101620085,"faithful_median_seconds":0.06789160993260641,"faithful_repeat_counts":[15,13,16,16,15,16,14,15,17],"faithful_samples_seconds":[0.07030521452737351,0.07693302491679788,0.06518281881290022,0.06303335531265475,0.06789160993260641,0.0657278881262755,0.07233648785456483,0.06812065493625899,0.05956097070456428],"horizon_years":30,"ratio":2.7060772654317957,"regime":"hot_arid","rerun_used":false,"runtime_class":"PASS","station_id":"az026481"},{"candidate_identity":"420d33701794e846b682e8ea91f6722f7144894c203136a2af9203d4532c8e4e","candidate_mad_over_median":0.0015504488505086215,"candidate_median_seconds":0.6114455295028165,"candidate_repeat_counts":[2,2,2,2,2,2,2,2,2],"candidate_samples_seconds":[0.612129931920208,0.6100053800037131,0.6114455295028165,0.6103173164883628,0.6097085530636832,0.6111038435483351,0.6119593140901998,0.6148203039774671,0.6123935445211828],"complete":true,"discarded_contaminated_trial_indices":[],"faithful_identity":"caa6a81e719b4e8fe17e77a4e94b08b060ac422042312ed88e17a4abec158864","faithful_mad_over_median":0.0035967747998162654,"faithful_median_seconds":0.17082206016251197,"faithful_repeat_counts":[6,6,6,6,6,6,6,6,6],"faithful_samples_seconds":[0.1714364686437572,0.17079412386131784,0.17082206016251197,0.17012977231449136,0.174779401665243,0.1714598483328397,0.1705064734754463,0.17036485167530677,0.17966979831301919],"horizon_years":100,"ratio":3.579429547454915,"regime":"hot_arid","rerun_used":false,"runtime_class":"PASS","station_id":"az026481"},{"candidate_identity":"de73d2e7c887aa0bdcbb19009dd8f74cff1b2f04889899d89929e9e57907a0ea","candidate_mad_over_median":0.0011487682894639898,"candidate_median_seconds":0.18349988583941013,"candidate_repeat_counts":[6,6,6,6,6,6,6,6,6],"candidate_samples_seconds":[0.18350821950783333,0.18336669083995125,0.18326839866737524,0.18324186552005509,0.18303875947215906,0.1837106846893827,0.18349988583941013,0.18384121567942202,0.18355006367589036],"complete":true,"discarded_contaminated_trial_indices":[],"faithful_identity":"2dd4adbe2c9eb91ac299d284751b301fc1582b92d0ca597dbd821ffa491f1b29","faithful_mad_over_median":0.02265460456473391,"faithful_median_seconds":0.05183141444576904,"faithful_repeat_counts":[18,20,19,20,18,20,13,20,20],"faithful_samples_seconds":[0.05815541327724026,0.051698572305031124,0.052748232687774455,0.050901708705350754,0.05728622026638024,0.050611412746366116,0.08065834722051826,0.050657194247469305,0.05183141444576904],"horizon_years":30,"ratio":3.5403217875021564,"regime":"arid_boundary","rerun_used":false,"runtime_class":"PASS","station_id":"nv262631"},{"candidate_identity":"03d9f88d3bd3583f67025d572c4b2552a289fb115935caa9274ba2cc5785597f","candidate_mad_over_median":0.0011696239541642308,"candidate_median_seconds":0.6108564860187471,"candidate_repeat_counts":[2,2,2,2,2,2,2,2,2],"candidate_samples_seconds":[0.6114289750112221,0.6095518344081938,0.6095050250878558,0.6098129469901323,0.6099485354498029,0.6115709583973512,0.6108564860187471,0.6112223225645721,0.6109353505307809],"complete":true,"discarded_contaminated_trial_indices":[],"faithful_identity":"032cfd8daa6c12c29dc9ac40a869661468018624e9acb6774c7ac6a55cf2128f","faithful_mad_over_median":0.02806244112561837,"faithful_median_seconds":0.15186377598105796,"faithful_repeat_counts":[6,7,6,7,7,7,7,7,7],"faithful_samples_seconds":[0.17403535835910589,0.14704269799403846,0.16682673866550127,0.14781367416227503,0.1550212330184877,0.14760210770847543,0.16355651231216534,0.15186377598105796,0.14763479031223273],"horizon_years":100,"ratio":4.022397586735493,"regime":"arid_boundary","rerun_used":false,"runtime_class":"PASS","station_id":"nv262631"},{"candidate_identity":"7e0fe0ce48c52a56cc8e81e7376760c1099eb066be0b8adb5c03b6696faed124","candidate_mad_over_median":0.000797450690783026,"candidate_median_seconds":0.1831274904931585,"candidate_repeat_counts":[6,6,6,6,6,6,6,6,6],"candidate_samples_seconds":[0.18412036099471152,0.18295567152866474,0.18283159635029733,0.18302555250314376,0.18302860918144384,0.18331868449846903,0.18314460618421435,0.18327352563695362,0.1831274904931585],"complete":true,"discarded_contaminated_trial_indices":[],"faithful_identity":"83d915a0dd1018a9a689c9ae303154d429002dbc5893e49ba2072cc147300eec","faithful_mad_over_median":0.09934312767484389,"faithful_median_seconds":0.06300225117593072,"faithful_repeat_counts":[17,18,17,15,16,9,18,7,10],"faithful_samples_seconds":[0.0625384536517017,0.057283507065019675,0.06168027318027966,0.07198327380853395,0.06300225117593072,0.11532196399962737,0.056743410493557654,0.14938303914719395,0.11395502549130469],"horizon_years":30,"ratio":2.906681699067925,"regime":"monsoonal_transition","rerun_used":true,"runtime_class":"PASS","station_id":"az028820"},{"candidate_identity":"4f184f250e32db17d712dd0187139de4dd63c18e1ea98fbbafcd74a3c0513819","candidate_mad_over_median":0.00047814911026321,"candidate_median_seconds":0.6100127955432981,"candidate_repeat_counts":[2,2,2,2,2,2,2,2,2],"candidate_samples_seconds":[0.6101930484874174,0.6105725244851783,0.6100127955432981,0.6096716989995912,0.6103862964082509,0.6112057879799977,0.6097211184678599,0.6098746520001441,0.609797882498242],"complete":true,"discarded_contaminated_trial_indices":[],"faithful_identity":"2c94811ed5fc7d718dab530107ea813de871f1c2976c241933fb6d31bbdec43c","faithful_mad_over_median":0.009458573864541287,"faithful_median_seconds":0.16421980284420507,"faithful_repeat_counts":[7,7,5,7,6,6,7,7,7],"faithful_samples_seconds":[0.16421980284420507,0.1859212938496577,0.2444002978038043,0.1638983034395746,0.19288164815710238,0.16816596582066268,0.1631530082585024,0.16266651770898274,0.1640064294250416],"horizon_years":100,"ratio":3.7146116666697977,"regime":"monsoonal_transition","rerun_used":false,"runtime_class":"PASS","station_id":"az028820"},{"candidate_identity":"72c5e80d2b4a87684f2a417cea07b5f853c421161a66848f2336852434080a29","candidate_mad_over_median":0.002062827879912202,"candidate_median_seconds":0.1835503043451657,"candidate_repeat_counts":[6,6,6,6,6,6,6,6,6],"candidate_samples_seconds":[0.18317167165999612,0.1830268648142616,0.1829107893475642,0.18308172600033382,0.18450276270353547,0.18361335534912845,0.18360024046463272,0.1835503043451657,0.18359586565444866],"complete":true,"discarded_contaminated_trial_indices":[],"faithful_identity":"7ff71b2cfe4c7acf1cae49e68cfe2cb4b88cf25d1ec33ce1aedc1095ba84d4e6","faithful_mad_over_median":0.09178812518260894,"faithful_median_seconds":0.05931168482364977,"faithful_repeat_counts":[14,20,15,19,18,20,17,17,17],"faithful_samples_seconds":[0.07363961884818439,0.05145723921013996,0.07348108113122483,0.05386757647226516,0.05721803916256047,0.05155192220117897,0.06084301052888965,0.05931168482364977,0.06017549694789683],"horizon_years":30,"ratio":3.0946735856671768,"regime":"non_monsoonal_semi_arid","rerun_used":false,"runtime_class":"PASS","station_id":"id101022"},{"candidate_identity":"539a08c3b121c6b71c228e0c7815e9bc7c669b011f07e25a31040b27044f57e2","candidate_mad_over_median":0.0006330872043437477,"candidate_median_seconds":0.6099659109022468,"candidate_repeat_counts":[2,2,2,2,2,2,2,2,2],"candidate_samples_seconds":[0.6085154609754682,0.6096467389725149,0.6095715049887076,0.6099659109022468,0.6106426789192483,0.6107372180558741,0.6102578275604174,0.6103520725155249,0.609682694543153],"complete":true,