{"minimum_timed_seconds":1.0,"rows":[{"candidate_identity":"30988c78a639c53d012beed7dfde0bac731fbe31f7760bfdcc30bd308d564bf2","candidate_mad_over_median":0.0008989205351348499,"candidate_median_seconds":0.18523492016053447,"candidate_repeat_counts":[6,6,6,6,6,6,6,6,6],"candidate_samples_seconds":[0.18540143163409084,0.18524709650470564,0.1846378915167103,0.1846156052003304,0.18472437048330903,0.18558093001289913,0.18522581702563912,0.18523492016053447,0.18524078683306774],"complete":true,"discarded_contaminated_trial_indices":[],"faithful_identity":"0902051db39b583a5a9b308c742fb8b7630d78aa0253e640c1daea3a1e9cd139","faithful_mad_over_median":0.04618298406541788,"faithful_median_seconds":0.06145271789008642,"faithful_repeat_counts":[16,17,17,13,14,18,17,18,17],"faithful_samples_seconds":[0.06453021681227256,0.06030902982799008,0.060166247298612315,0.0799399554514541,0.07364118278824858,0.05861464799899194,0.061622477821348345,0.05759058160603874,0.06145271789008642],"horizon_years":30,"ratio":3.0142673346334883,"regime":"hot_arid","rerun_used":true,"runtime_class":"PASS","station_id":"az026481"},{"candidate_identity":"fda8eaae1ddab4bb50dda8203e9ad023e6395ffd6b541ee5e7a28ac532563baf","candidate_mad_over_median":0.0007485826145004386,"candidate_median_seconds":0.6166326589882374,"candidate_repeat_counts":[2,2,2,2,2,2,2,2,2],"candidate_samples_seconds":[0.6174724855227396,0.6148033440113068,0.6142252294812351,0.6164098464651033,0.6148012689081952,0.6166326589882374,0.6170942594762892,0.6169231064850464,0.6168653570348397],"complete":true,"discarded_contaminated_trial_indices":[],"faithful_identity":"1e08869034462a372d09bb73059f3192fb14c82bd133b8a10242617e680256e9","faithful_mad_over_median":0.001599982932421716,"faithful_median_seconds":0.17068121015715101,"faithful_repeat_counts":[6,6,6,6,6,6,6,6,6],"faithful_samples_seconds":[0.17092266581797352,0.1693694138278564,0.16964076599106193,0.1695759784973537,0.17095429718028754,0.1697451266615341,0.17068121015715101,0.17084639166326573,0.1709215791973596],"horizon_years":100,"ratio":3.612774120950316,"regime":"hot_arid","rerun_used":false,"runtime_class":"PASS","station_id":"az026481"},{"candidate_identity":"3e7b281a7ec9ac54dc35e7756ea6ce5bbec9701d5527f808755d38d123d130b0","candidate_mad_over_median":0.001312081208524401,"candidate_median_seconds":0.18488743881850192,"candidate_repeat_counts":[6,6,6,6,6,6,6,6,6],"candidate_samples_seconds":[0.18519963401680192,0.18573401165970913,0.18464485148433596,0.1845328276588892,0.1846257783472538,0.18506685202009976,0.18507588534460714,0.18488743881850192,0.1847447338125979],"complete":true,"discarded_contaminated_trial_indices":[],"faithful_identity":"6daf96cee68fd326a37eb675fada07ca155c87cd7906e91d6df0e60dc3cfcf75","faithful_mad_over_median":0.042051517504469796,"faithful_median_seconds":0.0557350399515902,"faithful_repeat_counts":[19,15,20,17,18,19,20,18,18],"faithful_samples_seconds":[0.05546710142669709,0.0684066599390159,0.05124363059876487,0.05933899835080785,0.057823294670217566,0.053391296943453584,0.05068435400025919,0.05714527293781026,0.0557350399515902],"horizon_years":30,"ratio":3.3172567738193,"regime":"arid_boundary","rerun_used":false,"runtime_class":"PASS","station_id":"nv262631"},{"candidate_identity":"bdc7d10ca4476cd9c8b6fd1ea1e86503ff46466a927e53d449426fc1fd8f0dcc","candidate_mad_over_median":0.00077416548615275,"candidate_median_seconds":0.61630946805235,"candidate_repeat_counts":[2,2,2,2,2,2,2,2,2],"candidate_samples_seconds":[0.61630946805235,0.6153343735495582,0.6158323425333947,0.6155797875253484,0.6158976940205321,0.6172852845629677,0.6171461709309369,0.616441348567605,0.6164644679520279],"complete":true,"discarded_contaminated_trial_indices":[],"faithful_identity":"68c2bb751887c42c69a0aaffeebe659ce6ee2144fd36a90977cb40b5ca5044c7","faithful_mad_over_median":0.0028352925714260494,"faithful_median_seconds":0.1481152305579079,"faithful_repeat_counts":[7,7,7,7,7,7,7,7,7],"faithful_samples_seconds":[0.14895557359393155,0.1475705038756132,0.14851251071585075,0.14717430914086954,0.14713412686251104,0.14788727458965564,0.1484174074139446,0.1481152305579079,0.1485351805708238],"horizon_years":100,"ratio":4.161013460471875,"regime":"arid_boundary","rerun_used":false,"runtime_class":"PASS","station_id":"nv262631"},{"candidate_identity":"7289777cc6ae16d3f51dfb62bcbfe35871aaf54f4e897e420ac671571ed8d18b","candidate_mad_over_median":0.0010170179628133623,"candidate_median_seconds":0.1850996488550057,"candidate_repeat_counts":[6,6,6,6,6,6,6],"candidate_samples_seconds":[0.1852878985228017,0.18596328798836717,0.18476900885192057,0.18477304718301943,0.18494324366717288,0.18526280368678272,0.1850996488550057],"complete":true,"discarded_contaminated_trial_indices":[5,3],"faithful_identity":"0c3152af8c8504825d33a4777ab9ff8a834c96ef6299f9ec7a29bf105364d28a","faithful_mad_over_median":0.08823258075463733,"faithful_median_seconds":0.06983545265781382,"faithful_repeat_counts":[16,15,14,17,16,15,13],"faithful_samples_seconds":[0.06585729288053699,0.06983545265781382,0.07236652972642332,0.0605808298843091,0.06367369044164661,0.08019932745955885,0.07807255052746488],"horizon_years":30,"ratio":2.6505111918150512,"regime":"monsoonal_transition","rerun_used":true,"runtime_class":"PASS","station_id":"az028820"},{"candidate_identity":"3d349b9636e94fb6ae73da22331df241332ed8c7ffeda5a3222918e1d1331139","candidate_mad_over_median":0.0013430283806950653,"candidate_median_seconds":0.6158488295041025,"candidate_repeat_counts":[2,2,2,2,2,2,2,2,2],"candidate_samples_seconds":[0.6169997575925663,0.6147248919587582,0.6158488295041025,0.614898684551008,0.6157370924483985,0.6170761755201966,0.6165754206012934,0.6150217270478606,0.616438181954436],"complete":true,"discarded_contaminated_trial_indices":[],"faithful_identity":"f3054efa5df495e4697dfe373f8d2abb2ad0fa0b1faa0bb2dea132d18f9a3233","faithful_mad_over_median":0.001457567225816313,"faithful_median_seconds":0.16338800040206738,"faithful_repeat_counts":[7,7,7,7,7,7,7,7,7],"faithful_samples_seconds":[0.1653275611211679,0.16286410288220005,0.16343372970420336,0.16314985140758967,0.16335732213753676,0.16360964526289276,0.16338800040206738,0.16226082241960935,0.16569350443647377],"horizon_years":100,"ratio":3.7692414864531876,"regime":"monsoonal_transition","rerun_used":false,"runtime_class":"PASS","station_id":"az028820"},{"candidate_identity":"25453826a7e771e6c28a54315e5f1009231f5342bf93f6763f422c3afae91875","candidate_mad_over_median":0.0008397765578692903,"candidate_median_seconds":0.18467218215422085,"candidate_repeat_counts":[6,6,6,6,6,6,6,6,6],"candidate_samples_seconds":[0.18443491802706072,0.18450656381901354,0.18493352935183793,0.18467218215422085,0.18474676619128635,0.18482726552368453,0.18450565717648715,0.18463920735909292,0.18471541500184685],"complete":true,"discarded_contaminated_trial_indices":[],"faithful_identity":"1dcfc5ba67216ff3edfcfab23c679fcb9b072d3f91a50edcfb8aa8c6489e8c84","faithful_mad_over_median":0.008343930372978927,"faithful_median_seconds":0.04939870785788766,"faithful_repeat_counts":[21,20,21,19,21,21,21,21,21],"faithful_samples_seconds":[0.04855054680124989,0.05130945364944637,0.049709764475535066,0.05407695152404669,0.04920791223689559,0.049020493713517986,0.04791552933775598,0.049810887236769,0.04939870785788766],"horizon_years":30,"ratio":3.7384010667949816,"regime":"non_monsoonal_semi_arid","rerun_used":false,"runtime_class":"PASS","station_id":"id101022"},{"candidate_identity":"fabc1352611e79232c9bcf8657b31053846eb792d35a053038b53d6c3ce74e31","candidate_mad_over_median":0.001284010459696434,"candidate_median_seconds":0.6162344994954765,"candidate_repeat_counts":[2,2,2,2,2,2,2,2,2],"candidate_samples_seconds":[0.6154432479524985,0.6153304839972407,0.6153551540337503,0.6174690515035763,0.6162344994954765,0.6171150450827554,0.6170053610112518,0.6163595180260018,0.6160694609861821],"complete":true,"discarded_contaminated_trial_indices":[],