{"minimum_timed_seconds":1.0,"rows":[{"candidate_identity":"6f5d083c3102387d0bf3b4aefbaa6e783832bcaacdd70dccc94d70ad0fdb52dc","candidate_mad_over_median":0.0006787709101023202,"candidate_median_seconds":0.18515574532405785,"candidate_repeat_counts":[6,6,6,6,6,6,6],"candidate_samples_seconds":[0.18534300518998256,0.18503006699029356,0.1852589693153277,0.18497395418429127,0.18465920300999036,0.18519408480885127,0.18515574532405785],"complete":true,"discarded_contaminated_trial_indices":[7,6],"faithful_identity":"3b853fdd297f6240282eb709f8aecea3711e0d789ff74f279eee76f8d05f5424","faithful_mad_over_median":0.08446215615424389,"faithful_median_seconds":0.06815649393635491,"faithful_repeat_counts":[14,18,12,15,17,17,15],"faithful_samples_seconds":[0.07385610757462148,0.062399849502576724,0.08754559049460416,0.06926148153531055,0.05959364406161887,0.05897954058395151,0.06815649393635491],"horizon_years":30,"ratio":2.7166266137010773,"regime":"hot_arid","rerun_used":true,"runtime_class":"PASS","station_id":"az026481"},{"candidate_identity":"4f1dccbd13a5b2b989dfa8c47bd3ee8c72d1d8a307a0a8203982d70a482551d9","candidate_mad_over_median":0.0013696701959005494,"candidate_median_seconds":0.6152916100108996,"candidate_repeat_counts":[2,2,2,2,2,2,2,2,2],"candidate_samples_seconds":[0.6161343565909192,0.6166992505313829,0.6156933659221977,0.615827355068177,0.6143921950133517,0.6152916100108996,0.6149036550195888,0.6142048569163308,0.6141977770021185],"complete":true,"discarded_contaminated_trial_indices":[],"faithful_identity":"9a27293e2149a5e68db6e8d2efbce9d12b2315e77b3d0cc4cc1735c443df575a","faithful_mad_over_median":0.005130861028042862,"faithful_median_seconds":0.17102531964580217,"faithful_repeat_counts":[6,6,6,6,6,6,6,6,6],"faithful_samples_seconds":[0.17104137133962163,0.17102531964580217,0.17035825201310217,0.1699770758083711,0.17268478703529885,0.17014781249842295,0.1705768578297769,0.17222033867922923,0.17499273553645858],"horizon_years":100,"ratio":3.5976638505057865,"regime":"hot_arid","rerun_used":false,"runtime_class":"PASS","station_id":"az026481"},{"candidate_identity":"27f38689ae552e3dc1f5a34557d80d425468920089d0a37e07131c508c2a3324","candidate_mad_over_median":0.0008372572416513528,"candidate_median_seconds":0.1847361580003053,"candidate_repeat_counts":[6,6,6,6,6,6,6,6,6],"candidate_samples_seconds":[0.18480734065330276,0.18479007082836083,0.18473562299429128,0.1849541557021439,0.18449033234113207,0.1845814863142247,0.185173474989521,0.1847361580003053,0.18439359997864813],"complete":true,"discarded_contaminated_trial_indices":[],"faithful_identity":"86e8d6e6258a7677daea320488048fbe084044e9722eb55e1f8f141333ef5dc0","faithful_mad_over_median":0.01566623083451969,"faithful_median_seconds":0.0556007833349415,"faithful_repeat_counts":[19,19,20,19,17,13,19,18,18],"faithful_samples_seconds":[0.05280253547243774,0.057327936476978814,0.05475022098980844,0.05472972862863619,0.063881289350855,0.0840247046166601,0.05509125990302939,0.0556007833349415,0.05565350500142409],"horizon_years":30,"ratio":3.322545959243897,"regime":"arid_boundary","rerun_used":false,"runtime_class":"PASS","station_id":"nv262631"},{"candidate_identity":"43582f68256592fbd972302f7bae7ac6d6fc7f2246834e87afcb93917d4dffb1","candidate_mad_over_median":0.0005011616386082511,"candidate_median_seconds":0.6149531694827601,"candidate_repeat_counts":[2,2,2,2,2,2,2,2,2],"candidate_samples_seconds":[0.615642587072216,0.6147353765554726,0.6143395155668259,0.6152613604208454,0.6152313459897414,0.6149531694827601,0.6139292410807684,0.6146461529424414,0.6159707990009338],"complete":true,"discarded_contaminated_trial_indices":[],"faithful_identity":"19d539b1066a0f53ba186ca8d36fcf11dd17f95b47ab3464750a12f8f3ab82bb","faithful_mad_over_median":0.0027375455449740542,"faithful_median_seconds":0.1486753567254969,"faithful_repeat_counts":[7,7,7,7,7,7,7,5,7],"faithful_samples_seconds":[0.14740489829065545,0.14844282284112914,0.1483803235792688,0.1488104104064405,0.15696512728131243,0.1486753567254969,0.1506240460023816,0.20337552218697966,0.14826835116504558],"horizon_years":100,"ratio":4.136214521537445,"regime":"arid_boundary","rerun_used":false,"runtime_class":"PASS","station_id":"nv262631"},{"candidate_identity":"cc23919b23dc11bccef72810b0c3a5a0e74d6fb8f713bb7f32608f91c31819f6","candidate_mad_over_median":0.000547564994864678,"candidate_median_seconds":0.18470349632358798,"candidate_repeat_counts":[6,6,6,6,6,6,6,6,6],"candidate_samples_seconds":[0.18444618734065443,0.18457311935101947,0.1848046334926039,0.18470349632358798,0.18442858247241625,0.18475261730297157,0.18462178382712105,0.18479498367135724,0.1850759971421212],"complete":true,"discarded_contaminated_trial_indices":[],"faithful_identity":"6223a725fde62f596d5501029a1f5d418dd1558215c5671b85f8dd088d85626b","faithful_mad_over_median":0.08510525875233846,"faithful_median_seconds":0.066719706930841,"faithful_repeat_counts":[15,17,14,16,13,13,17,15,18],"faithful_samples_seconds":[0.066719706930841,0.05949189412571928,0.07239790485307042,0.06558098162349779,0.0804968258509269,0.08630723008312859,0.05933813935638789,0.06690329359844327,0.0627052209391776],"horizon_years":30,"ratio":2.7683499346758866,"regime":"monsoonal_transition","rerun_used":false,"runtime_class":"PASS","station_id":"az028820"},{"candidate_identity":"ff1bb9d46e70f6e683b85dc13f81dea40d1e1d28cb6331069a883ed202dfae93","candidate_mad_over_median":0.0004362738287620441,"candidate_median_seconds":0.616039703018032,"candidate_repeat_counts":[2,2,2,2,2,2,2,2,2],"candidate_samples_seconds":[0.6154075249796733,0.6157709410181269,0.6161611969582736,0.616243720985949,0.6171248215250671,0.616039703018032,0.6152542965719476,0.6164365289732814,0.6159349245717749],"complete":true,"discarded_contaminated_trial_indices":[],"faithful_identity":"6561800ee7525bc31d917b35c1ef5c740fcda0fd2f8aa57e8cafc42d8445c423","faithful_mad_over_median":0.004191975154279776,"faithful_median_seconds":0.16388861585541495,"faithful_repeat_counts":[7,7,7,7,7,7,7,7,7],"faithful_samples_seconds":[0.16388861585541495,0.1632493627257645,0.16320159884967975,0.1625523131141173,0.1646666247065046,0.16418971986110723,0.16431768288436746,0.16252994613855012,0.16463678373423005],"horizon_years":100,"ratio":3.7588925856907087,"regime":"monsoonal_transition","rerun_used":false,"runtime_class":"PASS","station_id":"az028820"},{"candidate_identity":"4c0d0a99516f77d484f561bb24aac92c0cfd8077bbd8fd422914e5f2f8dff860","candidate_mad_over_median":0.0011094876656944038,"candidate_median_seconds":0.1848318474755312,"candidate_repeat_counts":[6,6,6,6,6,6,6,6,6],"candidate_samples_seconds":[0.1852801701752469,0.18462677882052958,0.18445973051711917,0.18479162031629434,0.18456964769090214,0.18514139884306738,0.18492450301224986,0.18496069583731392,0.1848318474755312],"complete":true,"discarded_contaminated_trial_indices":[],"faithful_identity":"2843125fc9860bfcbed84fd911d25ae0800e544bdb3bf7b27cc4fb726d8492a9","faithful_mad_over_median":0.07560571856540263,"faithful_median_seconds":0.08540926008330037,"faithful_repeat_counts":[13,9,12,12,11,12,11,15,12],"faithful_samples_seconds":[0.07895183160256308,0.11407135522717403,0.08437882317230105,0.08342953158232073,0.09444681337018582,0.08735237317159772,0.09218926454724913,0.07670027033115427,0.08540926008330037],"horizon_years":30,"ratio":2.164072692999133,"regime":"non_monsoonal_semi_arid","rerun_used":false,"runtime_class":"PASS","station_id":"id101022"},{"candidate_identity":"30a5703c1d590d4beec2709779122e6a1e6839acdd860692e758a3ea809310ad","candidate_mad_over_median":0.0007559904263759869,"candidate_median_seconds":0.6174475840525702,"candidate_repeat_counts":[2,2,2,2,2,2,2,2,2],"candidate_samples_seconds":[0.6153734154067934,0.6169076790101826,0.6174475840525702,0.6179143685149029,0.6170917470008135,0.6185892610810697,0.6173972589895129,0.6183061745250598,0.6177392100216821],"complete":true,"discarded_contaminated_trial_indices":[],