{"minimum_timed_seconds":1.0,"rows":[{"candidate_identity":"3dc94a61a979d8ace6166e9013365f1bf914069f581ccec75f9a86d99c6e11d1","candidate_mad_over_median":0.0014049133577266172,"candidate_median_seconds":0.18467732635326684,"candidate_repeat_counts":[6,6,6,6,6,6,6,6,6],"candidate_samples_seconds":[0.18486120598390698,0.1843500615019972,0.18435997298608223,0.18425408750772476,0.1842491776915267,0.18468406451089928,0.18493678199592978,0.1849175754856939,0.18467732635326684],"complete":true,"discarded_contaminated_trial_indices":[],"faithful_identity":"0892a3b3ad6461a507aee9eedb039b775c8ca4ba1009f0e45299d49666c95a49","faithful_mad_over_median":0.066293991085791,"faithful_median_seconds":0.06830251260350148,"faithful_repeat_counts":[15,14,15,15,16,18,13,9,16],"faithful_samples_seconds":[0.06743980779622992,0.07275635657632458,0.06830251260350148,0.0739975778075556,0.06377446644182783,0.060429893058931664,0.07842959938212656,0.13085745932120416,0.06608858675463125],"horizon_years":30,"ratio":2.703814534983878,"regime":"hot_arid","rerun_used":false,"runtime_class":"PASS","station_id":"az026481"},{"candidate_identity":"ddfc9194bc3232b62e0f6866c5ae994112593db71859aaaa38de9f25e278303f","candidate_mad_over_median":0.0011043382128385587,"candidate_median_seconds":0.6153934450121596,"candidate_repeat_counts":[2,2,2,2,2,2,2,2,2],"candidate_samples_seconds":[0.6171643204288557,0.6147138425149024,0.6137824124889448,0.6142906919121742,0.6153934450121596,0.6158025609329343,0.6154637045692652,0.6167544609634206,0.6153120410162956],"complete":true,"discarded_contaminated_trial_indices":[],"faithful_identity":"84173be3fb4d28d320aeb650b981481acb635554e219791f81d28f7fa9814df0","faithful_mad_over_median":0.004676264441599448,"faithful_median_seconds":0.1703258091971899,"faithful_repeat_counts":[6,6,6,6,6,6,6,6,6],"faithful_samples_seconds":[0.1703258091971899,0.16937000564454743,0.17037038000610968,0.16952932067215443,0.1902509768260643,0.16974717999498048,0.17198041450077048,0.17959506184949228,0.169935189653188],"horizon_years":100,"ratio":3.613036966697779,"regime":"hot_arid","rerun_used":false,"runtime_class":"PASS","station_id":"az026481"},{"candidate_identity":"1127b82ac15363172c2f344b6639691c6a901c6d9df0aef6e6614da8ed592b6f","candidate_mad_over_median":0.0012884488291880598,"candidate_median_seconds":0.18458035215735435,"candidate_repeat_counts":[6,6,6,6,6,6,6,6,6],"candidate_samples_seconds":[0.18481817449598262,0.1841713864899551,0.1844668483439212,0.18426961215057722,0.18388818949460983,0.18499010781912753,0.18458035215735435,0.1847452005216231,0.18465271134239933],"complete":true,"discarded_contaminated_trial_indices":[],"faithful_identity":"5c4bffc9c80a3c44442e8bc2b8f81289b88981a65ae0766c145a572b9ff4e8c4","faithful_mad_over_median":0.006785402506493293,"faithful_median_seconds":0.05300904894982906,"faithful_repeat_counts":[16,19,20,19,19,19,19,14,19],"faithful_samples_seconds":[0.06272876175353304,0.052822824628827605,0.0519844132475555,0.05284018967741806,0.05312630931209577,0.05300904894982906,0.05418337700202277,0.0749553650717384,0.05264936121621806],"horizon_years":30,"ratio":3.482053645822853,"regime":"arid_boundary","rerun_used":false,"runtime_class":"PASS","station_id":"nv262631"},{"candidate_identity":"b70b02ced2620f6a87cf9f7c41bc2edddc8102b73a04e8c1cc99a2cc55e1b95f","candidate_mad_over_median":0.001962518018520053,"candidate_median_seconds":0.6141484485706314,"candidate_repeat_counts":[2,2,2,2,2,2,2,2,2],"candidate_samples_seconds":[0.6153537259669974,0.6137693824712187,0.6126498995581642,0.6138330969261006,0.6135243600001559,0.6155418284470215,0.6141484485706314,0.615531619056128,0.6154290845151991],"complete":true,"discarded_contaminated_trial_indices":[],"faithful_identity":"7bc75c894b063a01365c8f9ee1218f5e625581e96b35428e08ce5fb4fdca5f3b","faithful_mad_over_median":0.006226864679714332,"faithful_median_seconds":0.14873226269680476,"faithful_repeat_counts":[6,7,7,7,7,7,7,7,7],"faithful_samples_seconds":[0.17987961880862713,0.14873226269680476,0.14874200399832002,0.14792257414332458,0.14733492769300938,0.14780612702348403,0.15043959886367833,0.153771341844861,0.1483355584288282],"horizon_years":100,"ratio":4.129221444190571,"regime":"arid_boundary","rerun_used":false,"runtime_class":"PASS","station_id":"nv262631"},{"candidate_identity":"f20c9505097a8a6ebcbee0b06a0545a02bbb655d8b7f0d003fe049b2d8f43dad","candidate_mad_over_median":0.0010759258693912564,"candidate_median_seconds":0.18465149716939777,"candidate_repeat_counts":[6,6,6,6,6,6,6,6,6],"candidate_samples_seconds":[0.18442216383603713,0.18413785317291817,0.18392303163030496,0.18465149716939777,0.18405267701018602,0.18485016849202415,0.18475651616851488,0.18484194514652094,0.18484911182895303],"complete":true,"discarded_contaminated_trial_indices":[],"faithful_identity":"ded6417a3eff70f6e5322c4b1f747daa3449636bb020870fcae8f9edc836ad20","faithful_mad_over_median":0.07253353431018945,"faithful_median_seconds":0.06341816812346224,"faithful_repeat_counts":[18,16,15,17,16,17,14,17,15],"faithful_samples_seconds":[0.05750758622566031,0.06341816812346224,0.07145960433408619,0.062141613651286155,0.06801811199693475,0.059412182596347785,0.07258252842750933,0.059256673708338946,0.06947904212089877],"horizon_years":30,"ratio":2.9116498100342314,"regime":"monsoonal_transition","rerun_used":false,"runtime_class":"PASS","station_id":"az028820"},{"candidate_identity":"98e7eaba062bbc47e29705cdc651533f179e6ed917a7f07416fcd6c49fd588ef","candidate_mad_over_median":0.0011962023644376029,"candidate_median_seconds":0.6147893450688571,"candidate_repeat_counts":[2,2,2,2,2,2,2,2,2],"candidate_samples_seconds":[0.6134506589733064,0.6160917564993724,0.6151378714712337,0.6153679540148005,0.6138163754949346,0.6147893450688571,0.614493157947436,0.6155247575370595,0.6131740774726495],"complete":true,"discarded_contaminated_trial_indices":[],"faithful_identity":"38474781dfbcb26929ac4f6db8c0c4177682c030355f84c1ef705c63495447f6","faithful_mad_over_median":0.0016560001430999457,"faithful_median_seconds":0.1632348948623985,"faithful_repeat_counts":[7,7,7,7,7,7,7,7,7],"faithful_samples_seconds":[0.1632348948623985,0.16296457785314747,0.16409229726663657,0.1630182643088379,0.1637021442875266,0.16330185712182096,0.16371124839809323,0.16320697527511843,0.16291849671064743],"horizon_years":100,"ratio":3.766286280804749,"regime":"monsoonal_transition","rerun_used":false,"runtime_class":"PASS","station_id":"az028820"},{"candidate_identity":"334a4908feb257df246f8302391ef200eb4904dcd1b3b9a8ea1b23000237f1e4","candidate_mad_over_median":0.0006371621098270926,"candidate_median_seconds":0.18426286797815314,"candidate_repeat_counts":[6,6,6,6,6,6,6,6,6],"candidate_samples_seconds":[0.184427494648844,0.18425529651964703,0.18425519465624043,0.18447768583428115,0.18426286797815314,0.18438121183620146,0.1841454626604294,0.18441178816525886,0.18425093649420887],"complete":true,"discarded_contaminated_trial_indices":[],"faithful_identity":"d67b3fba132c109b72cb142c4076ed33ea9351f7ebef67de75108c7008c6989b","faithful_mad_over_median":0.08005668745176142,"faithful_median_seconds":0.0600555542562353,"faithful_repeat_counts":[20,15,17,16,18,19,21,16,20],"faithful_samples_seconds":[0.052196993655525145,0.06682797567918897,0.06174703135483844,0.06486340299306903,0.05608218167132387,0.0600555542562353,0.0491878004811172,0.06409623807121534,0.050371623097453265],"horizon_years":30,"ratio":3.0682069337328937,"regime":"non_monsoonal_semi_arid","rerun_used":false,"runtime_class":"PASS","station_id":"id101022"},{"candidate_identity":"ec9c9183a923eb51e21670bc4af3212bbaba7809fd8c586ec7b4748f27e21836","candidate_mad_over_median":0.0010711082629506928,"candidate_median_seconds":0.6144182864809409,"candidate_repeat_counts":[2,2,2,2,2,2,2,2,2],"candidate_samples_seconds":[0.615148471086286,0.6154846900608391,0.6137601779773831,0.6146601635264233,0.6144182864809409,0.6144516305066645,0.6132999729597941,0.6127458640839905,0.6142137534916401],"complete":true,