{"minimum_timed_seconds":1.0,"rows":[{"candidate_identity":"e8dcbbcf6c0296729f6171d9204409aa3e13bbee6bc91a2e4d7decacc20140ce","candidate_mad_over_median":0.0031582938161243477,"candidate_median_seconds":1.2304237859789282,"candidate_repeat_counts":[1,1,1,1,1,1,1,1,1],"candidate_samples_seconds":[1.2456322400830686,1.246079894946888,1.2448572178836912,1.237266544951126,1.2291294690221548,1.2304237859789282,1.2265377461444587,1.2284718861337751,1.2265980648808181],"complete":true,"discarded_contaminated_trial_indices":[],"faithful_identity":"3a02aabd9d2eb59254e4ec91cf32f705507332842dafd7b133605c0b8df22ddf","faithful_mad_over_median":0.0044524677641685235,"faithful_median_seconds":0.05765706761222747,"faithful_repeat_counts":[18,18,18,18,18,18,18,18,18],"faithful_samples_seconds":[0.05798540594211469,0.057748481721824244,0.05740035137730754,0.057321238279756576,0.057286009774543345,0.057038440058628716,0.057776632498846285,0.05781362487727569,0.05765706761222747],"horizon_years":30,"ratio":21.340380927003462,"regime":"hot_arid","rerun_used":false,"runtime_class":"FAIL","station_id":"az026481"},{"candidate_identity":"b0d61bdd1e79ee3bcd411b05d5bc339c53971e93708237fe4f585392c7eb7a48","candidate_mad_over_median":0.0008090087960346604,"candidate_median_seconds":4.071326767094433,"candidate_repeat_counts":[1,1,1,1,1,1,1,1,1],"candidate_samples_seconds":[4.077523643849418,4.071326767094433,4.071284157922491,4.086545052938163,4.06796633801423,4.072070735972375,4.071599551010877,4.0680330279283226,4.0664087338373065],"complete":true,"discarded_contaminated_trial_indices":[],"faithful_identity":"41b670d31c19ac41e33cba950b7d551ce64fa9695667a442393e940c0807eef4","faithful_mad_over_median":0.003582046111972354,"faithful_median_seconds":0.17059487050088742,"faithful_repeat_counts":[6,6,6,6,6,6,6,6,6],"faithful_samples_seconds":[0.17345574300270528,0.17059487050088742,0.17145111167337745,0.1699837918082873,0.17113401166473827,0.17044982015310475,0.17146137500337014,0.16983075315753618,0.17052475448387364],"horizon_years":100,"ratio":23.865470017595015,"regime":"hot_arid","rerun_used":false,"runtime_class":"FAIL","station_id":"az026481"},{"candidate_identity":"aac5c4a76b42625624ea935ef6e109b78ca35f09841abf87acbd61a3e7899fb2","candidate_mad_over_median":0.0003865601654449926,"candidate_median_seconds":1.2233174331486225,"candidate_repeat_counts":[1,1,1,1,1,1,1,1,1],"candidate_samples_seconds":[1.2217520498670638,1.222493311855942,1.2242182542104274,1.2236205220688134,1.2229004569817334,1.2237903189379722,1.221682389965281,1.2233174331486225,1.223641931079328],"complete":true,"discarded_contaminated_trial_indices":[],"faithful_identity":"edb0fedc05c2cb63acc660b6b2fb3ce9537ebb7572fb4041256cf07a35379d40","faithful_mad_over_median":0.0039447466547936514,"faithful_median_seconds":0.05028725924203172,"faithful_repeat_counts":[20,20,20,20,20,20,20,20,20],"faithful_samples_seconds":[0.050256838055793195,0.05002863984555006,0.05072119835531339,0.05028725924203172,0.05040087605593726,0.050252737547270956,0.050529243249911815,0.050088888744357976,0.05095809685299173],"horizon_years":30,"ratio":24.32658791883679,"regime":"arid_boundary","rerun_used":false,"runtime_class":"FAIL","station_id":"nv262631"},{"candidate_identity":"91384cb2803d83dce388227cb013fedd2aaeaf267afb9773a9557384ab3bc95d","candidate_mad_over_median":0.0002726904569583088,"candidate_median_seconds":4.068491167156026,"candidate_repeat_counts":[1,1,1,1,1,1,1,1,1],"candidate_samples_seconds":[4.070966267958283,4.069740854203701,4.068491167156026,4.068346048006788,4.069244719110429,4.068265608977526,4.069600605871528,4.066956471884623,4.0647145949769765],"complete":true,"discarded_contaminated_trial_indices":[],"faithful_identity":"aae228ba9f3f335d2ed7781021fd24c40db75ea36a062530247ebce14cfddba4","faithful_mad_over_median":0.002909772955180653,"faithful_median_seconds":0.1476100971257048,"faithful_repeat_counts":[7,7,7,7,7,7,7,7,7],"faithful_samples_seconds":[0.14803960899423277,0.1476100971257048,0.14850374800153077,0.14859643844621523,0.14753442643476383,0.14696745085529983,0.1476958661140608,0.14688828457812114,0.14729202472205674],"horizon_years":100,"ratio":27.562417791049196,"regime":"arid_boundary","rerun_used":false,"runtime_class":"FAIL","station_id":"nv262631"},{"candidate_identity":"800d1e1c233d7a2442a2c2a1524c328e7b072bf2aa9bc64fd20695feb459f16f","candidate_mad_over_median":0.0007782629039833342,"candidate_median_seconds":1.2233013869263232,"candidate_repeat_counts":[1,1,1,1,1,1,1,1,1],"candidate_samples_seconds":[1.2218077920842916,1.2233013869263232,1.2239171508699656,1.2237871619872749,1.2223323970101774,1.2348319999873638,1.2231776581611484,1.2242534370161593,1.2218548520468175],"complete":true,"discarded_contaminated_trial_indices":[],"faithful_identity":"cb56512b48533adbf2d8b113c4a0ba8560d265ef433185bbbbbbaab1daf8148e","faithful_mad_over_median":0.012888620406972775,"faithful_median_seconds":0.06363305149716325,"faithful_repeat_counts":[17,16,16,16,17,16,17,16,16],"faithful_samples_seconds":[0.06472401577048004,0.06457483193662483,0.06341306562535465,0.0634053000685526,0.061256774536827034,0.06363305149716325,0.0623423077083905,0.06445319374324754,0.06439800999942236],"horizon_years":30,"ratio":19.224308093740525,"regime":"monsoonal_transition","rerun_used":false,"runtime_class":"FAIL","station_id":"az028820"},{"candidate_identity":"342e47319e9319ab5504b06f347ac64fd3a571397c322edf2c31e4f96ea9bfca","candidate_mad_over_median":0.0003540914944770478,"candidate_median_seconds":4.069106166949496,"candidate_repeat_counts":[1,1,1,1,1,1,1,1,1],"candidate_samples_seconds":[4.070547002833337,4.068861679872498,4.070821930887178,4.08238377305679,4.069106166949496,4.068938940064982,4.067521044053137,4.0687801509629935,4.084372103214264],"complete":true,"discarded_contaminated_trial_indices":[],"faithful_identity":"d4faaaa0725663b5828068bfe5e1198de7ccf83aaa4f15910df998cc71e1493c","faithful_mad_over_median":0.004399054227247996,"faithful_median_seconds":0.1631298309990338,"faithful_repeat_counts":[7,7,7,7,7,7,7,7,7],"faithful_samples_seconds":[0.16290541598573327,0.16357214070324386,0.16456454200670123,0.1631298309990338,0.1621257668427591,0.16241221402638725,0.1644196078580405,0.16393390570634178,0.1629528298508376],"horizon_years":100,"ratio":24.943973410807963,"regime":"monsoonal_transition","rerun_used":false,"runtime_class":"FAIL","station_id":"az028820"},{"candidate_identity":"070ac83998078f8f238e37d4ec39d4bcf0fed19ecc65bc7ff2192bd8ecbaa3ae","candidate_mad_over_median":0.0006934232774549889,"candidate_median_seconds":1.2227338501252234,"candidate_repeat_counts":[1,1,1,1,1,1,1,1,1],"candidate_samples_seconds":[1.2221261118538678,1.224410219117999,1.2238337949384004,1.2234881119802594,1.2219854269642383,1.2218859780114144,1.2238560689147562,1.2218389289919287,1.2227338501252234],"complete":true,"discarded_contaminated_trial_indices":[],"faithful_identity":"ea64e8e08f79560c20aa0e2b5c9672aabdc52238606f98f6100b8b00527051b2","faithful_mad_over_median":0.003323202787886253,"faithful_median_seconds":0.04804811376102623,"faithful_repeat_counts":[21,21,21,21,21,21,21,21,21],"faithful_samples_seconds":[0.048091599850782325,0.04776978023749377,0.04821129147672937,0.047913297811256986,0.04820778738662955,0.048121357325553185,0.0478835259120734,0.04804811376102623,0.047856982852820126],"horizon_years":30,"ratio":25.44811345158428,"regime":"non_monsoonal_semi_arid","rerun_used":false,"runtime_class":"FAIL","station_id":"id101022"},{"candidate_identity":"f6121461aa5230fcc08cb8e68b37ea06958bf402b99b724f956483843b5f2998","candidate_mad_over_median":0.00027977186021410535,"candidate_median_seconds":4.069097270956263,"candidate_repeat_counts":[1,1,1,1,1,1,1,1,1],"candidate_samples_seconds":[4.067958852043375,4.066695536021143,4.069436307065189,4.067189801018685,4.08711355808191,4.069097270956263,4.070914373034611,4.069465006934479,4.068459546891972],"complete":true,"discarded_contaminated_trial_indices":[],