{"minimum_timed_seconds":1.0,"rows":[{"candidate_identity":"6028d89fa0ca1b89f69dca651309741ab489743727a4dd1279f01dc83ab0173a","candidate_mad_over_median":0.0011832849726699868,"candidate_median_seconds":0.19404944796891263,"candidate_repeat_counts":[6,6,6,6,6,6,6,6,6],"candidate_samples_seconds":[0.19487808283884078,0.19404944796891263,0.1938198321731761,0.19444094233525297,0.19375080949005982,0.19385401268179217,0.19420357735361904,0.1940381791597853,0.1943399376856784],"complete":true,"discarded_contaminated_trial_indices":[],"faithful_identity":"7990b5c1831e6b7566a856ea79b6dc70826a7b80d6afd244852c8ada906fe184","faithful_mad_over_median":0.0016632764822647266,"faithful_median_seconds":0.05732431161838273,"faithful_repeat_counts":[18,18,18,18,18,18,18,18,18],"faithful_samples_seconds":[0.05761330816636069,0.05722896543900586,0.057236145328109465,0.05713214304867304,0.05732431161838273,0.057229412111660674,0.05784419577361809,0.05734568421677169,0.057534572836529047],"horizon_years":30,"ratio":3.3851160614144202,"regime":"hot_arid","rerun_used":false,"runtime_class":"PASS","station_id":"az026481"},{"candidate_identity":"32f203ca0f6a6179aff685f6caed43a2c3db0168b126393830bd4919388288fc","candidate_mad_over_median":0.000774510393810161,"candidate_median_seconds":0.6470532279927284,"candidate_repeat_counts":[2,2,2,2,2,2,2,2,2],"candidate_samples_seconds":[0.6464224240044132,0.648847249452956,0.6456018775934353,0.6471679214155301,0.6470532279927284,0.6475543774431571,0.6496932004811242,0.6467510759830475,0.6465915725566447],"complete":true,"discarded_contaminated_trial_indices":[],"faithful_identity":"6bbcdd97e4b2ff976931401bb41a3d07600fed8cd7988716ecf027d070d3c3df","faithful_mad_over_median":0.004813083408916709,"faithful_median_seconds":0.17072593599247435,"faithful_repeat_counts":[6,6,6,6,6,6,6,6,6],"faithful_samples_seconds":[0.17072593599247435,0.1718307431632032,0.1715476541624715,0.1744670676610743,0.17021721283284327,0.16967391017048308,0.17009611086299023,0.17011953385857245,0.17192688200157136],"horizon_years":100,"ratio":3.790011308072434,"regime":"hot_arid","rerun_used":false,"runtime_class":"PASS","station_id":"az026481"},{"candidate_identity":"984dd0fa8613629f4b0b0908231f08e3a9a53eb58b48897e035e5a71df9354c4","candidate_mad_over_median":0.0006490435203509188,"candidate_median_seconds":0.19415793113876134,"candidate_repeat_counts":[6,6,6,6,6,6,6,6,6],"candidate_samples_seconds":[0.19391500883890936,0.19415793113876134,0.194031914191631,0.1940698338051637,0.19450837932527065,0.19406496884766966,0.19433687933875868,0.19436150583593795,0.1941733576434975],"complete":true,"discarded_contaminated_trial_indices":[],"faithful_identity":"edf67590e474d3cc3af0de85ecd6614de9db3d26e6f9c907a5904292da788341","faithful_mad_over_median":0.0016773545762151917,"faithful_median_seconds":0.050607126101385805,"faithful_repeat_counts":[20,20,20,20,20,20,20,20,20],"faithful_samples_seconds":[0.0505840272991918,0.05044256974942982,0.05095419849967584,0.05052634739549831,0.05106528184842318,0.05150384589796886,0.050538974755909294,0.050607126101385805,0.050692012195941064],"horizon_years":30,"ratio":3.836572951204289,"regime":"arid_boundary","rerun_used":false,"runtime_class":"PASS","station_id":"nv262631"},{"candidate_identity":"596b47df65919c8fbc9051d7a634df5590362efc3ce6d15d45f84c15e6ecbd0b","candidate_mad_over_median":0.0013125642852271492,"candidate_median_seconds":0.6478817544411868,"candidate_repeat_counts":[2,2,2,2,2,2,2,2,2],"candidate_samples_seconds":[0.647031367989257,0.6480624075047672,0.6482788600260392,0.6495557569433004,0.6478817544411868,0.6465095354942605,0.6495510195381939,0.646784252487123,0.647434270940721],"complete":true,"discarded_contaminated_trial_indices":[],"faithful_identity":"99037105629dd38a60c42105bad3d0563fc35f1c68d0d33f9a88a48a82fe71ad","faithful_mad_over_median":0.003973356524713491,"faithful_median_seconds":0.14805107201183482,"faithful_repeat_counts":[7,7,7,7,7,7,7,7,7],"faithful_samples_seconds":[0.14844414931056754,0.147777117555961,0.14863933170480387,0.14696100444000745,0.14805107201183482,0.14735594358561294,0.14810732728801668,0.1471371158425297,0.1496114732830652],"horizon_years":100,"ratio":4.376069322817175,"regime":"arid_boundary","rerun_used":false,"runtime_class":"PASS","station_id":"nv262631"},{"candidate_identity":"f70686224c852cdc6a78b67cf94d918efa4444bb28de8cbc1ba5809c5bb79248","candidate_mad_over_median":0.000692980000031095,"candidate_median_seconds":0.19443129383337995,"candidate_repeat_counts":[6,6,6,6,6,6,6,6,6],"candidate_samples_seconds":[0.1940054533382257,0.19442716900569698,0.19459401218531033,0.19474076580566665,0.19443129383337995,0.19442484566631416,0.1949684516681979,0.19441445734507093,0.19456603083138665],"complete":true,"discarded_contaminated_trial_indices":[],"faithful_identity":"1511b4c50b405a8b8d3db8a5b475ebd90055117261a659babdd20e5c2a4d374d","faithful_mad_over_median":0.0009159994674738457,"faithful_median_seconds":0.05634463900544991,"faithful_repeat_counts":[18,18,18,18,18,18,18,18,18],"faithful_samples_seconds":[0.05639625066477391,0.056048638665945165,0.05630825432793548,0.056559316775140665,0.05634463900544991,0.05634664005548176,0.05649780967117598,0.056133782219452165,0.05630255998888364],"horizon_years":30,"ratio":3.450750546375382,"regime":"monsoonal_transition","rerun_used":false,"runtime_class":"PASS","station_id":"az028820"},{"candidate_identity":"b01eae2274dd63bd60bf852f150a13cdc6af83ddcb45ac0c6d825092162668ae","candidate_mad_over_median":0.00021388953817387638,"candidate_median_seconds":0.6429651320213452,"candidate_repeat_counts":[2,2,2,2,2,2,2,2,2],"candidate_samples_seconds":[0.6461686340626329,0.6437640134245157,0.6417600139975548,0.6428276085061952,0.6430465759476647,0.6422789790667593,0.6429651320213452,0.6430294360034168,0.6429648919729516],"complete":true,"discarded_contaminated_trial_indices":[],"faithful_identity":"959c68c630d1fb449c8f78d14bd4d89cc84cc13507432c4107d22d50223ad90b","faithful_mad_over_median":0.0016064087758630781,"faithful_median_seconds":0.1627402105701289,"faithful_repeat_counts":[7,7,7,7,7,7,7,7,7],"faithful_samples_seconds":[0.1641671929974109,0.16229097515211574,0.16300163787257457,0.162288442287328,0.16252178698778152,0.162832519571696,0.1637032248545438,0.1627402105701289,0.16257622784801892],"horizon_years":100,"ratio":3.950868256645613,"regime":"monsoonal_transition","rerun_used":false,"runtime_class":"PASS","station_id":"az028820"},{"candidate_identity":"84e46d47cacb08c5bd4b13031c77b982ec78050a8c9eb410e10260a7a8e1972a","candidate_mad_over_median":0.00023501598568239376,"candidate_median_seconds":0.1930493771797046,"candidate_repeat_counts":[6,6,6,6,6,6,6,6,6],"candidate_samples_seconds":[0.19301227666437626,0.19308270098796734,0.19304726482369006,0.19329090719111264,0.19352308649104089,0.1930493771797046,0.19300400749004135,0.1931594043271616,0.19284347413728634],"complete":true,"discarded_contaminated_trial_indices":[],"faithful_identity":"385d959fdaf7510fa313c52bc9f84a71b54637959b9d060de8555530b524633b","faithful_mad_over_median":0.0018769387645822294,"faithful_median_seconds":0.04747258431532166,"faithful_repeat_counts":[22,22,22,22,22,22,21,22,22],"faithful_samples_seconds":[0.04741807431194254,0.04746200476603752,0.04758020127403804,0.04727326809767295,0.0474833768623119,0.04736571000169285,0.047871014480257316,0.04747258431532166,0.04756168744907799],"horizon_years":30,"ratio":4.06654451119482,"regime":"non_monsoonal_semi_arid","rerun_used":false,"runtime_class":"PASS","station_id":"id101022"},{"candidate_identity":"9a624337636f0252eb6beed00ddaa8bea4a05b5c9d96348d000f5d7d57adec92","candidate_mad_over_median":0.0005728751182698853,"candidate_median_seconds":0.6425413194810972,"candidate_repeat_counts":[2,2,2,2,2,2,2,2,2],"candidate_samples_seconds":[0.6429094154154882,0.6421155834104866,0.6428277320228517,0.6425136650213972,0.6413280670531094,0.6426317935111001,0.642136559006758,0.6425413194810972,0.6433199519524351],"complete":true,