{
  "affinity_before_pin": [
    0,
    1,
    2,
    3,
    32,
    33,
    34,
    35
  ],
  "affinity_used": [
    0
  ],
  "classification": "qualification-diagnostic-only",
  "minimum_timed_seconds": 1.0,
  "node_class": "node03",
  "rows": [
    {
      "candidate_identity": "1e7f0c6c60ebf6e557e5b361497a3223b3210601ec87d223ed1e052cbf20dfa6",
      "candidate_mad_over_median": 0.00014598044895305047,
      "candidate_median_seconds": 0.794239854440093,
      "candidate_repeat_counts": [
        2,
        2,
        2,
        2,
        2,
        2,
        2,
        2,
        2
      ],
      "candidate_samples_seconds": [
        0.7944456124678254,
        0.7943509184988216,
        0.794215050060302,
        0.7949393120361492,
        0.7941239109495655,
        0.793913193512708,
        0.7941447959747165,
        0.7951697799144313,
        0.794239854440093
      ],
      "complete": true,
      "faithful_identity": "29a6d4dc023d65ec543643ca17126927091bd72075bac59136e00eea6e7f11c7",
      "faithful_mad_over_median": 0.0021658616386788783,
      "faithful_median_seconds": 0.05330359742143437,
      "faithful_repeat_counts": [
        17,
        19,
        19,
        19,
        19,
        19,
        19,
        19,
        19
      ],
      "faithful_samples_seconds": [
        0.058951250359635145,
        0.05352118242482998,
        0.05330359742143437,
        0.05299610705850156,
        0.0531881492045757,
        0.053401938419004806,
        0.05330580895717599,
        0.05304309657137645,
        0.05324698436858231
      ],
      "horizon_years": 30,
      "ratio_diagnostic_only": 14.900304911141221,
      "regime": "hot_arid",
      "rerun_used": false,
      "station_id": "az026481"
    },
    {
      "candidate_identity": "5e33b6809b19572714cb91b243364cac97829f026ebebafbebeba63f5cd11b4d",
      "candidate_mad_over_median": 0.0003910944650242116,
      "candidate_median_seconds": 2.6485881530679762,
      "candidate_repeat_counts": [
        1,
        1,
        1,
        1,
        1,
        1,
        1,
        1,
        1
      ],
      "candidate_samples_seconds": [
        2.6475562339182943,
        2.6485881530679762,
        2.6519233961589634,
        2.651045535923913,
        2.6471021589823067,
        2.6514828209765255,
        2.6495782418642193,
        2.647852640133351,
        2.6475523049011827
      ],
      "complete": true,
      "faithful_identity": "4519833ca063c1121c4b94dd8de1d97d4d8e20a039a10a98dea94e9f3acba77c",
      "faithful_mad_over_median": 0.002330782361292154,
      "faithful_median_seconds": 0.1652241004298308,
      "faithful_repeat_counts": [
        7,
        7,
        7,
        7,
        7,
        7,
        7,
        7,
        7
      ],
      "faithful_samples_seconds": [
        0.16525582430352057,
        0.16463242258344377,
        0.16599081772645669,
        0.16462180700286158,
        0.1652241004298308,
        0.165609201848773,
        0.16540942840012057,
        0.1646089914055275,
        0.16496748457263624
      ],
      "horizon_years": 100,
      "ratio_diagnostic_only": 16.030277339550764,
      "regime": "hot_arid",
      "rerun_used": false,
      "station_id": "az026481"
    },
    {
      "candidate_identity": "bc393f4c694f2a5083098be7c832becc36f991377c379ca6cfbe11a24549e5d0",
      "candidate_mad_over_median": 0.000845748596043119,
      "candidate_median_seconds": 0.7941692314343527,
      "candidate_repeat_counts": [
        2,
        2,
        2,
        2,
        2,
        2,
        2,
        2,
        2
      ],
      "candidate_samples_seconds": [
        0.7941692314343527,
        0.7948504040250555,
        0.7939277134137228,
        0.7934975639218464,
        0.793244396452792,
        0.7934296795865521,
        0.7950862760189921,
        0.7942037410102785,
        0.7946416060440242
      ],
      "complete": true,
      "faithful_identity": "2fb44dbfc59b0968d03e6eb1a8963eb7697ffd1a0aa67723c9ea1a3be0e1758b",
      "faithful_mad_over_median": 0.0013413560193067907,
      "faithful_median_seconds": 0.04644943277393891,
      "faithful_repeat_counts": [
        22,
        22,
        22,
        22,
        22,
        22,
        22,
        22,
        22
      ],
      "faithful_samples_seconds": [
        0.04650778304362162,
        0.0463871275476942,
        0.046435554776425386,
        0.04638244122774764,
        0.04653532726859504,
        0.046430510278283196,
        0.04644943277393891,
        0.0465959902768108,
        0.04652008408976888
      ],
      "horizon_years": 30,
      "ratio_diagnostic_only": 17.097501175082858,
      "regime": "arid_boundary",
      "rerun_used": false,
      "station_id": "nv262631"
    },
    {
      "candidate_identity": "f20cf2a3df7fe2de71223f10fc9c6f81fe2cd29288b5c2039c82e67353eae2a2",
      "candidate_mad_over_median": 0.00038130275470159845,
      "candidate_median_seconds": 2.646296241087839,
      "candidate_repeat_counts": [
        1,
        1,
        1,
        1,
        1,
        1,
        1,
        1,
        1
      ],
      "candidate_samples_seconds": [
        2.650573128135875,
        2.6473052811343223,
        2.6475609089247882,
        2.6462346320040524,
        2.645200602011755,
        2.645733406068757,
        2.646296241087839,
        2.6457563070580363,
        2.648560567991808
      ],
      "complete": true,
      "faithful_identity": "517a8e7b8e6e37b86c94c89c96f28c5eb1b71c95c77d71bad7285d36e2124001",
      "faithful_mad_over_median": 0.0032467956872711955,
      "faithful_median_seconds": 0.14269286426133476,
      "faithful_repeat_counts": [
        7,
        8,
        7,
        7,
        8,
        8,
        8,
        8,
        7
      ],
      "faithful_samples_seconds": [
        0.14634153373273356,
        0.14222840638831258,
        0.14315615883762284,
        0.14313426201364823,
        0.14242452685721219,
        0.1424986286147032,
        0.14269286426133476,
        0.1419534903834574,
        0.14319010428152978
      ],
      "horizon_years": 100,
      "ratio_diagnostic_only": 18.54539997347927,
      "regime": "arid_boundary",
      "rerun_used": false,
      "station_id": "nv262631"
    },
    {
      "candidate_identity": "0bbb8b102b58bc915ee63041707ebb48f9ca2bccc606441059c89bbb20989768",
      "candidate_mad_over_median": 0.0012480492604406569,
      "candidate_median_seconds": 0.7928894115611911,
      "candidate_repeat_counts": [
        2,
        2,
        2,
        2,
        2,
        2,
        2,
        2,
        2
      ],
      "candidate_samples_seconds": [
        0.7923821764998138,
        0.7919032664503902,
        0.7943817565683275,
        0.7936928634298965,
        0.795509414980188,
        0.7918998465174809,
        0.7956154485000297,
        0.7928894115611911,
        0.7917514180298895
      ],
      "complete": true,
      "faithful_identity": "61230d4f62d4c34cb9c9681edddd740c92be5aab66979d5b5ae1132823fc7878",
      "faithful_mad_over_median": 0.0017614380077242034,
      "faithful_median_seconds": 0.052230364503338934,
      "faithful_repeat_counts": [
        20,
        20,
        20,
        20,
        20,
        20,
        20,
        20,
        20
      ],
      "faithful_samples_seconds": [
        0.051951204345095904,
        0.05199302890105173,
        0.05235245575895533,
        0.052109686704352495,
        0.0522484757937491,
        0.052230364503338934,
        0.0522741915541701,
        0.052138363954145464,
        0.05225123465061188
      ],
      "horizon_years": 30,
      "ratio_diagnostic_only": 15.180621829864963,
      "regime": "monsoonal_transition",
      "rerun_used": false,
      "station_id": "az028820"
    },
    {
      "candidate_identity": "1386a91d3e81247b31e02bd5ee72b00d949f89888cc919f3148f79c292800043",
      "candidate_mad_over_median": 0.0006098930356209865,
      "candidate_median_seconds": 2.634107780875638,