{"minimum_timed_seconds":1.0,"rows":[{"candidate_identity":"0feb2283b055badbdf87194c96a9fe6e41c37dce7d14ce16c5c9176f0a5b8a14","candidate_mad_over_median":0.0013259871180707826,"candidate_median_seconds":0.16841618216130883,"candidate_repeat_counts":[6,6,6,6,6,6,6,6,6],"candidate_samples_seconds":[0.168816654671294,0.16834253464670232,0.16877695017804703,0.16841618216130883,0.16857243049889803,0.1688469893221433,0.16834786297598234,0.16819286447328827,0.1681475784862414],"complete":true,"discarded_contaminated_trial_indices":[],"faithful_identity":"b8659b45865b23415766a709fb3f833911f45be4a6181c622402ef167ff989d8","faithful_mad_over_median":0.0012643303454941486,"faithful_median_seconds":0.05763375161526104,"faithful_repeat_counts":[18,18,18,18,18,18,18,18,18],"faithful_samples_seconds":[0.05799858828282191,0.056956642604846924,0.05759855472327521,0.05767728561638958,0.05763375161526104,0.05770661971635289,0.05716744766363667,0.05714776232424709,0.05767911889900764],"horizon_years":30,"ratio":2.9221797547656663,"regime":"hot_arid","rerun_used":false,"runtime_class":"PASS","station_id":"az026481"},{"candidate_identity":"df3a384b33a2de3906a6a9cbc64424d3850574f7e66801cef4369e0ebc32e1c6","candidate_mad_over_median":0.0012881745844237702,"candidate_median_seconds":0.5608456284971908,"candidate_repeat_counts":[2,2,2,2,2,2,2,2,2],"candidate_samples_seconds":[0.561568095581606,0.5606816550716758,0.5608456284971908,0.563682097941637,0.5606977200368419,0.5628201575018466,0.5600043019512668,0.5612922084983438,0.5595575615298003],"complete":true,"discarded_contaminated_trial_indices":[],"faithful_identity":"79ba042ad54426598157d620bc9fe11397ab38b7d11b35f17846f818a646e04d","faithful_mad_over_median":0.004165176484261368,"faithful_median_seconds":0.1721637824860712,"faithful_repeat_counts":[6,6,6,6,6,6,6,6,6],"faithful_samples_seconds":[0.17231479931312302,0.17098626013224325,0.17063084714269885,0.17089356435462832,0.1721637824860712,0.17216619251606366,0.17288087502432367,0.17458494197732458,0.17146353501205644],"horizon_years":100,"ratio":3.2576284070812958,"regime":"hot_arid","rerun_used":false,"runtime_class":"PASS","station_id":"az026481"},{"candidate_identity":"995b9c36804b8cfdc146c51a17fa7553c1fa27a1455ffc44d0347b740600dce9","candidate_mad_over_median":0.0006811302914067972,"candidate_median_seconds":0.1686272699929153,"candidate_repeat_counts":[6,6,6,6,6,6,6,6,6],"candidate_samples_seconds":[0.16902598917173842,0.1685591108398512,0.16863682652668407,0.1686272699929153,0.1685948286904022,0.16845699849848947,0.17014478566125035,0.1685124128513659,0.16880146650752673],"complete":true,"discarded_contaminated_trial_indices":[],"faithful_identity":"364dbaba3c7545b86fe4c710332f2f3e615623b1aedb407c6df16024ca083df6","faithful_mad_over_median":0.00680451578225901,"faithful_median_seconds":0.05255534464959055,"faithful_repeat_counts":[20,20,20,19,19,20,20,19,20],"faithful_samples_seconds":[0.05255534464959055,0.05285065155476332,0.051378544641193,0.05367867230731798,0.05291295832170075,0.051204621442593634,0.052260946738533674,0.05316517252082888,0.0525105117005296],"horizon_years":30,"ratio":3.2085655820017354,"regime":"arid_boundary","rerun_used":false,"runtime_class":"PASS","station_id":"nv262631"},{"candidate_identity":"2e6e7583e4f65f5ab3c799ebe438df0d39a48c438eaec4386bfffcd5ebb11f23","candidate_mad_over_median":0.001155441424881438,"candidate_median_seconds":0.560542045510374,"candidate_repeat_counts":[2,2,2,2,2,2,2,2,2],"candidate_samples_seconds":[0.5609818220837042,0.5637962369946763,0.5606311145238578,0.5610616150079295,0.5595346904592589,0.5598943720106035,0.5596389995189384,0.560542045510374,0.5596073099877685],"complete":true,"discarded_contaminated_trial_indices":[],"faithful_identity":"25348e745d2a7c61fd86a936be9dfe8ab8e80bb3c882aaa700d3f6f14655d2cb","faithful_mad_over_median":0.0037674642852907965,"faithful_median_seconds":0.15017508316252912,"faithful_repeat_counts":[7,7,7,7,7,7,7,7,7],"faithful_samples_seconds":[0.15017508316252912,0.1491104729939252,0.1496085582766682,0.14896206201852433,0.15074086242488452,0.15018179101337278,0.1502473274179335,0.15024007314683072,0.14875273559508578],"horizon_years":100,"ratio":3.7325902120774552,"regime":"arid_boundary","rerun_used":false,"runtime_class":"PASS","station_id":"nv262631"},{"candidate_identity":"d6b224c91076d43c01d45cd5c7811bfbab5c803b45260b310bf88226ffe74b20","candidate_mad_over_median":0.0008101971482297808,"candidate_median_seconds":0.1681117690168321,"candidate_repeat_counts":[6,6,6,6,6,6,6,6,6],"candidate_samples_seconds":[0.1686666248133406,0.16858056583441794,0.16794478567317128,0.1681117690168321,0.16801112001606575,0.16824768600054085,0.1679755653409908,0.16804521468778452,0.1682922704688584],"complete":true,"discarded_contaminated_trial_indices":[],"faithful_identity":"25382a1623227fcedca511bd07339e85a8fc7407817aa0162401fc3c4c707b6d","faithful_mad_over_median":0.00868162976640728,"faithful_median_seconds":0.05813786811712715,"faithful_repeat_counts":[18,18,17,18,17,18,17,18,18],"faithful_samples_seconds":[0.05763313667072604,0.05801521377482762,0.06154787281582899,0.05813786811712715,0.059807741822784435,0.05767123289923701,0.05930420639924705,0.056769271057823464,0.058527006884105504],"horizon_years":30,"ratio":2.8916053247454245,"regime":"monsoonal_transition","rerun_used":false,"runtime_class":"PASS","station_id":"az028820"},{"candidate_identity":"8fbf441c5cae7781586c4922b1f4254f43d81ccd0f321718463fdcd47aa73838","candidate_mad_over_median":0.0009630213006078878,"candidate_median_seconds":0.5598313175141811,"candidate_repeat_counts":[2,2,2,2,2,2,2,2,2],"candidate_samples_seconds":[0.5598313175141811,0.5592921880306676,0.5617368035018444,0.5592703785514459,0.5613363175652921,0.5595520155038685,0.5599288966041058,0.5600802805274725,0.5592836081050336],"complete":true,"discarded_contaminated_trial_indices":[],"faithful_identity":"5ebc7a6d64920ccb94517f8affa96e6fdcddba90de31fc81966dd2ab74eee627","faithful_mad_over_median":0.00659495168042027,"faithful_median_seconds":0.16477694412294244,"faithful_repeat_counts":[7,7,7,7,7,7,6,7,6],"faithful_samples_seconds":[0.16465505402136063,0.16390274302102625,0.1653082286939025,0.16369024813840433,0.16477694412294244,0.16310987268973673,0.16872378768554577,0.1660804692988417,0.1667805960169062],"horizon_years":100,"ratio":3.3975100126658675,"regime":"monsoonal_transition","rerun_used":false,"runtime_class":"PASS","station_id":"az028820"},{"candidate_identity":"dd4e3ae84167850ecd0ef0247bb55e47cb5cf214f6da399453cc6c2f5018d5dd","candidate_mad_over_median":0.0007041988523944323,"candidate_median_seconds":0.1681445341479654,"candidate_repeat_counts":[6,6,6,6,6,6,6,6,6],"candidate_samples_seconds":[0.1680464296756933,0.16805129133475324,0.16794497900021574,0.16811994447683296,0.1682629413359488,0.16827542264945805,0.1681445341479654,0.16834441549144685,0.1687726095163574],"complete":true,"discarded_contaminated_trial_indices":[],"faithful_identity":"72f3c1a838d717dcb609b3b884c991fdab68c1e4158c97ebff28aa92c200d9ad","faithful_mad_over_median":0.009914695765914737,"faithful_median_seconds":0.049879028384263314,"faithful_repeat_counts":[21,21,21,21,21,20,20,20,21],"faithful_samples_seconds":[0.049362267001665065,0.04999318861934755,0.049378415857929556,0.049879028384263314,0.04938449299273392,0.05042865989962593,0.05017787535907701,0.05042026344453916,0.049558820335992744],"horizon_years":30,"ratio":3.3710467022852937,"regime":"non_monsoonal_semi_arid","rerun_used":false,"runtime_class":"PASS","station_id":"id101022"},{"candidate_identity":"044e14b479a0c36737c7a96b47f0c702639ee76745fb59fad464c655a6cb8f27","candidate_mad_over_median":0.0008561568897128986,"candidate_median_seconds":0.5599970435723662,"candidate_repeat_counts":[2,2,2,2,2,2,2,2,2],"candidate_samples_seconds":[0.5598824194166809,0.5599970435723662,0.5604764888994396,0.5587421710370108,0.5595686824526638,0.5606432320782915,0.560784530476667,0.56025664601475,0.5594222740037367],"complete":true,