{"minimum_timed_seconds":1.0,"rows":[{"candidate_identity":"30988c78a639c53d012beed7dfde0bac731fbe31f7760bfdcc30bd308d564bf2","candidate_mad_over_median":0.001531653251008731,"candidate_median_seconds":0.18276349664665759,"candidate_repeat_counts":[6,6,6,6,6,6,6,6,6],"candidate_samples_seconds":[0.1824263985035941,0.18305340184209248,0.18276349664665759,0.18263977952301502,0.18284426582977176,0.18235817082071057,0.1837480196651692,0.1830050708570828,0.182483566342853],"complete":true,"discarded_contaminated_trial_indices":[],"faithful_identity":"496457bc42d05cd16c3742ba4c81c812c1104d6eafe712f8c662344894e331ba","faithful_mad_over_median":0.003951441197352419,"faithful_median_seconds":0.057765648997802704,"faithful_repeat_counts":[18,18,18,18,18,18,18,18,18],"faithful_samples_seconds":[0.05786647621749176,0.05748531521142771,0.05801204645023164,0.05799390656304442,0.057823624992225736,0.057765648997802704,0.05743613849497504,0.05721034749876708,0.05761393327783379],"horizon_years":30,"ratio":3.163878530190314,"regime":"hot_arid","rerun_used":false,"runtime_class":"PASS","station_id":"az026481"},{"candidate_identity":"fda8eaae1ddab4bb50dda8203e9ad023e6395ffd6b541ee5e7a28ac532563baf","candidate_mad_over_median":0.0009529659235974961,"candidate_median_seconds":0.607832359499298,"candidate_repeat_counts":[2,2,2,2,2,2,2,2,2],"candidate_samples_seconds":[0.6092411300633103,0.6074732935521752,0.6104703474557027,0.6081855910597369,0.6075227130204439,0.6072531159734353,0.6071171925868839,0.6096258115721866,0.607832359499298],"complete":true,"discarded_contaminated_trial_indices":[],"faithful_identity":"3e54b53384e3e8a4b259585404c4948182f182b1b5b2596bcfecfb7c350e95ec","faithful_mad_over_median":0.003938261008356802,"faithful_median_seconds":0.1711245613405481,"faithful_repeat_counts":[6,6,6,6,6,6,6,6,6],"faithful_samples_seconds":[0.17185559849410006,0.17141972633544356,0.17045062815304846,0.17034794099163264,0.17057188518811017,0.16940347753309956,0.17151298699900508,0.1711245613405481,0.1723002556633825],"horizon_years":100,"ratio":3.5519878311896758,"regime":"hot_arid","rerun_used":false,"runtime_class":"PASS","station_id":"az026481"},{"candidate_identity":"3e7b281a7ec9ac54dc35e7756ea6ce5bbec9701d5527f808755d38d123d130b0","candidate_mad_over_median":0.0003419803346826061,"candidate_median_seconds":0.18207472865469754,"candidate_repeat_counts":[6,6,6,6,6,6,6,6,6],"candidate_samples_seconds":[0.18227399668345848,0.18199465132784098,0.18201246267805496,0.18207472865469754,0.18205655901692808,0.18252516231344393,0.18231571632592627,0.18207651547466716,0.1820597656769678],"complete":true,"discarded_contaminated_trial_indices":[],"faithful_identity":"9c098fb1cebe31888fa670bcdd6bb29c49942d831d349d7154da5001298f490c","faithful_mad_over_median":0.0028883305366778017,"faithful_median_seconds":0.05062457574531436,"faithful_repeat_counts":[20,20,20,20,20,20,20,20,20],"faithful_samples_seconds":[0.05082819415256381,0.050892782001756134,0.050562507449649276,0.05023880680091679,0.050493330648168924,0.05077079625334591,0.050994080456439404,0.050607247452717274,0.05062457574531436],"horizon_years":30,"ratio":3.596567990430019,"regime":"arid_boundary","rerun_used":false,"runtime_class":"PASS","station_id":"nv262631"},{"candidate_identity":"bdc7d10ca4476cd9c8b6fd1ea1e86503ff46466a927e53d449426fc1fd8f0dcc","candidate_mad_over_median":0.0007234411030607473,"candidate_median_seconds":0.6062214365229011,"candidate_repeat_counts":[2,2,2,2,2,2,2,2,2],"candidate_samples_seconds":[0.606619062484242,0.6062045369762927,0.6066600020276383,0.6066650970606133,0.6055684329476207,0.6114473120542243,0.6062214365229011,0.6057172069558874,0.6061119374353439],"complete":true,"discarded_contaminated_trial_indices":[],"faithful_identity":"25dcdff9b1c27b6991a0816d22bfad5d22230dc4581c8552375f1b5652f7619f","faithful_mad_over_median":0.00124159601299496,"faithful_median_seconds":0.14820980370443845,"faithful_repeat_counts":[7,7,7,7,7,7,7,7,7],"faithful_samples_seconds":[0.14884813558975502,0.14962869456836156,0.14755963886688864,0.14820980370443845,0.14802578700307226,0.14818704813452704,0.14870668412186205,0.14823206341160194,0.1481636841116207],"horizon_years":100,"ratio":4.090292419061793,"regime":"arid_boundary","rerun_used":false,"runtime_class":"PASS","station_id":"nv262631"},{"candidate_identity":"7289777cc6ae16d3f51dfb62bcbfe35871aaf54f4e897e420ac671571ed8d18b","candidate_mad_over_median":0.0003829715196979672,"candidate_median_seconds":0.18201739100428918,"candidate_repeat_counts":[6,6,6,6,6,6,6,6,6],"candidate_samples_seconds":[0.18209466182937226,0.18216750281862915,0.18197651816687235,0.18189443399508795,0.18201739100428918,0.18234416264264533,0.18198183299197504,0.18205389566719532,0.1819476835274448],"complete":true,"discarded_contaminated_trial_indices":[],"faithful_identity":"9302d5daf45507c5da0c2f2f85b2d1d0f8951efd6225101df913cbcadf9a29b4","faithful_mad_over_median":0.005063676136250913,"faithful_median_seconds":0.05663382410744412,"faithful_repeat_counts":[18,18,18,18,18,18,18,18,18],"faithful_samples_seconds":[0.05651914638777574,0.056106423997941114,0.05731969916572174,0.05663382410744412,0.05692059945108162,0.05649738493634181,0.05695645905668951,0.05620361688650317,0.056682401388469666],"horizon_years":30,"ratio":3.213934320574412,"regime":"monsoonal_transition","rerun_used":false,"runtime_class":"PASS","station_id":"az028820"},{"candidate_identity":"3d349b9636e94fb6ae73da22331df241332ed8c7ffeda5a3222918e1d1331139","candidate_mad_over_median":0.0005977936997957131,"candidate_median_seconds":0.606063617975451,"candidate_repeat_counts":[2,2,2,2,2,2,2,2,2],"candidate_samples_seconds":[0.6067201265832409,0.606063617975451,0.6057013169629499,0.6060837580589578,0.6063753579510376,0.6060668915743008,0.6053545540198684,0.6055605814326555,0.6054065235657617],"complete":true,"discarded_contaminated_trial_indices":[],"faithful_identity":"122ab60e00300f46e1ac1ecb67eb36fe7c4f024150e4093c39a851bb3dc8055b","faithful_mad_over_median":0.004902919317030117,"faithful_median_seconds":0.16423299672481204,"faithful_repeat_counts":[7,7,7,7,7,7,7,7,7],"faithful_samples_seconds":[0.16500080157337443,0.16251197327593608,0.16423299672481204,0.1629136547313205,0.16476243069129332,0.16503821785694786,0.1659150158520788,0.16381398914381862,0.163044187140518],"horizon_years":100,"ratio":3.6902670599804503,"regime":"monsoonal_transition","rerun_used":false,"runtime_class":"PASS","station_id":"az028820"},{"candidate_identity":"25453826a7e771e6c28a54315e5f1009231f5342bf93f6763f422c3afae91875","candidate_mad_over_median":0.0008035741925011824,"candidate_median_seconds":0.1819913190168639,"candidate_repeat_counts":[6,6,6,6,6,6,6,6,6],"candidate_samples_seconds":[0.18196217770067355,0.18159332980091372,0.18174869815508524,0.18202974030282348,0.18207340819450715,0.1819913190168639,0.1818450754896427,0.18254419152314463,0.18264141065689424],"complete":true,"discarded_contaminated_trial_indices":[],"faithful_identity":"77026b4df7bee3864ab0f0c35340bf4bf9138d56401a53d61f22381a0a439cb5","faithful_mad_over_median":0.0026954607753362707,"faithful_median_seconds":0.04816991858006943,"faithful_repeat_counts":[21,21,21,21,21,21,21,21,21],"faithful_samples_seconds":[0.048828871277648775,0.04816991858006943,0.04829975870615315,0.04790310899815744,0.04817265619169034,0.04834078489581034,0.048081097148713614,0.047828289813229015,0.04806483585742258],"horizon_years":30,"ratio":3.7781114102228073,"regime":"non_monsoonal_semi_arid","rerun_used":false,"runtime_class":"PASS","station_id":"id101022"},{"candidate_identity":"fabc1352611e79232c9bcf8657b31053846eb792d35a053038b53d6c3ce74e31","candidate_mad_over_median":0.0004812234399030408,"candidate_median_seconds":0.60615729552228,"candidate_repeat_counts":[2,2,2,2,2,2,2,2,2],"candidate_samples_seconds":[0.6072474395623431,0.606373407994397,0.60615729552228,0.607062526512891,0.6061231259955093,0.605849284096621,0.6060287869768217,0.6058655984234065,0.6068242939654738],"complete":true,