{"minimum_timed_seconds":1.0,"rows":[{"candidate_identity":"e5f6476d19a21b88352ad223d71756cbd07e0178e92e51254441cbdbe23e363c","candidate_mad_over_median":0.0014753222832454547,"candidate_median_seconds":0.1825655531914284,"candidate_repeat_counts":[6,6,6,6,6,6,6,6,6],"candidate_samples_seconds":[0.1825655531914284,0.18299256866642585,0.1828015069865311,0.18229621016265204,0.18297013799504688,0.18226890382356942,0.18229783163405955,0.1826078734981517,0.18228683019212136],"complete":true,"discarded_contaminated_trial_indices":[],"faithful_identity":"1e9054c255811aa5197774ad2b890ad4850a966c3a7964fe9b6ee11123a8c040","faithful_mad_over_median":0.0028531871549530826,"faithful_median_seconds":0.05747510355690287,"faithful_repeat_counts":[18,18,18,18,18,18,18,18,18],"faithful_samples_seconds":[0.057978839380666614,0.057639090784101024,0.05750350271248155,0.057285701661991574,0.05724293711440017,0.05730517644486907,0.05747510355690287,0.05747581354808062,0.05741127144493577],"horizon_years":30,"ratio":3.1764284341076565,"regime":"hot_arid","rerun_used":false,"runtime_class":"PASS","station_id":"az026481"},{"candidate_identity":"420d33701794e846b682e8ea91f6722f7144894c203136a2af9203d4532c8e4e","candidate_mad_over_median":0.0011979253961188906,"candidate_median_seconds":0.6087620639009401,"candidate_repeat_counts":[2,2,2,2,2,2,2,2,2],"candidate_samples_seconds":[0.608410447021015,0.6086220350116491,0.6113833109848201,0.6094913154374808,0.6087620639009401,0.6102681130869314,0.6069649124983698,0.6108513465151191,0.6081506399204955],"complete":true,"discarded_contaminated_trial_indices":[],"faithful_identity":"5c13b3910944ca8659a05bcccbee75e935bca5cc2500c8e01b17c4b8f56514ce","faithful_mad_over_median":0.002674469888468497,"faithful_median_seconds":0.17026870181628814,"faithful_repeat_counts":[6,6,6,6,6,6,6,6,6],"faithful_samples_seconds":[0.1708494273091977,0.17026870181628814,0.1707945578188325,0.17011419330568364,0.17127274283363172,0.1695262361705924,0.17012756313973418,0.17072408033224443,0.17003482250341526],"horizon_years":100,"ratio":3.5753021982734414,"regime":"hot_arid","rerun_used":false,"runtime_class":"PASS","station_id":"az026481"},{"candidate_identity":"de73d2e7c887aa0bdcbb19009dd8f74cff1b2f04889899d89929e9e57907a0ea","candidate_mad_over_median":0.0020082713171293595,"candidate_median_seconds":0.18337473032685617,"candidate_repeat_counts":[6,6,6,6,6,6,6,6,6],"candidate_samples_seconds":[0.18228482202781984,0.1824528918368742,0.18374299653805792,0.18306009366642684,0.18289637033982822,0.18387716185922423,0.18358117318712175,0.18351305734055737,0.18337473032685617],"complete":true,"discarded_contaminated_trial_indices":[],"faithful_identity":"4e5785771f412846f744ec13658c23cbbf49b0c1cf58e73b06e068dd30841b91","faithful_mad_over_median":0.004745766979333154,"faithful_median_seconds":0.05050353209953755,"faithful_repeat_counts":[20,20,20,20,20,20,20,20,20],"faithful_samples_seconds":[0.05070751045132056,0.05026385410455987,0.05083100664196536,0.05011531020281836,0.05035267720231786,0.05050353209953755,0.05078049519797787,0.05047370840329677,0.05076985380146652],"horizon_years":30,"ratio":3.6309288222741016,"regime":"arid_boundary","rerun_used":false,"runtime_class":"PASS","station_id":"nv262631"},{"candidate_identity":"03d9f88d3bd3583f67025d572c4b2552a289fb115935caa9274ba2cc5785597f","candidate_mad_over_median":0.0026365538273939388,"candidate_median_seconds":0.6141626865137368,"candidate_repeat_counts":[2,2,2,2,2,2,2,2,2],"candidate_samples_seconds":[0.6113627959275618,0.6109693455509841,0.613342409953475,0.6141626865137368,0.6159275129903108,0.6185137910069898,0.615456702420488,0.6154911119956523,0.6125434135319665],"complete":true,"discarded_contaminated_trial_indices":[],"faithful_identity":"7ad5c27c012203115709bf3cda8ee7cd2a15b2dcfa58c1cdef6ac25db83d0ea3","faithful_mad_over_median":0.0016934225051347903,"faithful_median_seconds":0.14795489755592175,"faithful_repeat_counts":[7,7,7,7,7,7,7,7,7],"faithful_samples_seconds":[0.14820544770918787,0.14744683857341961,0.14795489755592175,0.14816853986121714,0.1479213560066585,0.14805284455152495,0.14908561369936382,0.14734088057386024,0.1473158494170223],"horizon_years":100,"ratio":4.1510128874348675,"regime":"arid_boundary","rerun_used":false,"runtime_class":"PASS","station_id":"nv262631"},{"candidate_identity":"7e0fe0ce48c52a56cc8e81e7376760c1099eb066be0b8adb5c03b6696faed124","candidate_mad_over_median":0.0006527035233413091,"candidate_median_seconds":0.18268967765228203,"candidate_repeat_counts":[6,6,6,6,6,6,6,6,6],"candidate_samples_seconds":[0.18382622414113334,0.18280891984856376,0.18269753766556582,0.18263797834515572,0.18268967765228203,0.18298709800001234,0.18261364346835762,0.18235028282894442,0.18242629380741468],"complete":true,"discarded_contaminated_trial_indices":[],"faithful_identity":"f5723715f38499de81adffc7e60c10311ab923fd7e889a0487f6dbf128f74d94","faithful_mad_over_median":0.002024009994144741,"faithful_median_seconds":0.05628948910937955,"faithful_repeat_counts":[18,18,18,18,18,18,18,18,18],"faithful_samples_seconds":[0.05628948910937955,0.05609766560761879,0.05685981262164811,0.056175558620856866,0.056446301323982574,0.05677729733805689,0.05624459623100443,0.05619935282609529,0.05632505098926938],"horizon_years":30,"ratio":3.245538031039623,"regime":"monsoonal_transition","rerun_used":false,"runtime_class":"PASS","station_id":"az028820"},{"candidate_identity":"4f184f250e32db17d712dd0187139de4dd63c18e1ea98fbbafcd74a3c0513819","candidate_mad_over_median":0.0004993868287309932,"candidate_median_seconds":0.6068983569275588,"candidate_repeat_counts":[2,2,2,2,2,2,2,2,2],"candidate_samples_seconds":[0.6072014339733869,0.607217314071022,0.6071290699765086,0.6076435394352302,0.6068835675250739,0.606698569492437,0.6063913075486198,0.6068983569275588,0.605515047092922],"complete":true,"discarded_contaminated_trial_indices":[],"faithful_identity":"2e68486279d3664e493c00f1239c98915b8ed9721e4e42f4ff94c03ace2d459a","faithful_mad_over_median":0.001295911369760073,"faithful_median_seconds":0.16324903130797402,"faithful_repeat_counts":[7,7,7,7,7,7,7,7,7],"faithful_samples_seconds":[0.16461994971281715,0.1632640224415809,0.16363253284777915,0.16322810572039867,0.16346058758374835,0.16324903130797402,0.16314343655748026,0.16301392085318053,0.16282210143149964],"horizon_years":100,"ratio":3.7176230208841328,"regime":"monsoonal_transition","rerun_used":false,"runtime_class":"PASS","station_id":"az028820"},{"candidate_identity":"72c5e80d2b4a87684f2a417cea07b5f853c421161a66848f2336852434080a29","candidate_mad_over_median":0.00034291565550616726,"candidate_median_seconds":0.182088584988378,"candidate_repeat_counts":[6,6,6,6,6,6,6,6,6],"candidate_samples_seconds":[0.1821448451373726,0.18211353717682263,0.18202112801373005,0.1819946033259233,0.18206800535942116,0.1818424641387537,0.182088584988378,0.18235711567103863,0.18215102601485947],"complete":true,"discarded_contaminated_trial_indices":[],"faithful_identity":"f8bd4d0190b4c7f36e40032c342cd4df903821512500df5dd3b3585f2ab70476","faithful_mad_over_median":0.0017436078812433837,"faithful_median_seconds":0.04786768871625619,"faithful_repeat_counts":[22,21,21,21,21,21,21,21,21],"faithful_samples_seconds":[0.04752669431565499,0.047915577001514886,0.04788395256868431,0.047891322523355484,0.04817389414113547,0.04770871894877581,0.04771348176568392,0.04778422623695362,0.04786768871625619],"horizon_years":30,"ratio":3.803997850569699,"regime":"non_monsoonal_semi_arid","rerun_used":false,"runtime_class":"PASS","station_id":"id101022"},{"candidate_identity":"539a08c3b121c6b71c228e0c7815e9bc7c669b011f07e25a31040b27044f57e2","candidate_mad_over_median":0.00043642878119750175,"candidate_median_seconds":0.6064264780143276,"candidate_repeat_counts":[2,2,2,2,2,2,2,2,2],"candidate_samples_seconds":[0.6069717119680718,0.6064264780143276,0.6066911399830133,0.606225369963795,0.6060685164993629,0.6066550605464727,0.6073478580219671,0.6064075330505148,0.6059177729766816],