{"minimum_timed_seconds":1.0,"rows":[{"candidate_identity":"3666265e41de5a6216ef8d9c8b629b88c5712fc28d31fbdcebbe0cea1a9520b0","candidate_mad_over_median":0.001136903353201055,"candidate_median_seconds":0.18374339883060506,"candidate_repeat_counts":[6,6,6,6,6,6,6,6,6],"candidate_samples_seconds":[0.18350220452218005,0.184018326147149,0.18364701486037424,0.1833585526716585,0.18374339883060506,0.1839147584978491,0.18395229731686413,0.18365353683475405,0.1839796454878524],"complete":true,"discarded_contaminated_trial_indices":[],"faithful_identity":"63eb4d8d762921d49702c1718efe008ff809175edf663924dcbe564851861526","faithful_mad_over_median":0.0023413505391832456,"faithful_median_seconds":0.05759966478217393,"faithful_repeat_counts":[18,18,18,18,18,18,18,18,18],"faithful_samples_seconds":[0.05751524383150455,0.057379206836534045,0.05760183410408596,0.057464803775979414,0.05712807817488081,0.05777253800382217,0.05814355505733854,0.05759966478217393,0.057605649111792445],"horizon_years":30,"ratio":3.1900081280936616,"regime":"hot_arid","rerun_used":false,"runtime_class":"PASS","station_id":"az026481"},{"candidate_identity":"d702278b4759e548ca861a6e7cb54783c75dfc08ccc350d25d0cfc494713460f","candidate_mad_over_median":0.0004656906440262867,"candidate_median_seconds":0.6111932185012847,"candidate_repeat_counts":[2,2,2,2,2,2,2,2,2],"candidate_samples_seconds":[0.6111932185012847,0.6117238984443247,0.614366217982024,0.6109750309260562,0.6110394349088892,0.6114778454648331,0.6098395619774237,0.6110588400624692,0.6137020689202473],"complete":true,"discarded_contaminated_trial_indices":[],"faithful_identity":"41facc5f0c022fc53d31ee827e0c6091bd0a13d8fd705b219be4bd7f04ab118f","faithful_mad_over_median":0.0022975537657675626,"faithful_median_seconds":0.17057983099948615,"faithful_repeat_counts":[6,6,6,6,6,6,6,6,6],"faithful_samples_seconds":[0.174084506657285,0.1718205756818255,0.1712762324993188,0.17020770616363734,0.1703567715206494,0.1709542938430483,0.17018791466640928,0.16999090334866196,0.17057983099948615],"horizon_years":100,"ratio":3.583033321818251,"regime":"hot_arid","rerun_used":false,"runtime_class":"PASS","station_id":"az026481"},{"candidate_identity":"16703d1215ff4efd1f657c673079241bcc7dcfc0d2095ad8ebd04d1a2d1de41d","candidate_mad_over_median":0.0007518975918105803,"candidate_median_seconds":0.18357372431394955,"candidate_repeat_counts":[6,6,6,6,6,6,6,6,6],"candidate_samples_seconds":[0.18333672833008072,0.18363155700111142,0.18326382067364952,0.18374472600407898,0.18352679151576012,0.1834356956727182,0.1838673931391289,0.18357372431394955,0.18362885216871896],"complete":true,"discarded_contaminated_trial_indices":[],"faithful_identity":"f172ddf0cc58c2ea69466c479fc62da4c6280787f9971be84dc12a783b1d3f4a","faithful_mad_over_median":0.003300116819260091,"faithful_median_seconds":0.05036939809797332,"faithful_repeat_counts":[20,20,20,20,20,20,20,20,20],"faithful_samples_seconds":[0.05031344115268439,0.05033778895158321,0.05135101304622367,0.05020317320013419,0.050639305997174235,0.05036939809797332,0.05079080549767241,0.05029552634805441,0.05057675059651956],"horizon_years":30,"ratio":3.644548699130393,"regime":"arid_boundary","rerun_used":false,"runtime_class":"PASS","station_id":"nv262631"},{"candidate_identity":"46116e6ca9fc212eebd49a8eea888d970630d84f4278dfce4d00870da95a95eb","candidate_mad_over_median":0.0016725315946341203,"candidate_median_seconds":0.6123591270297766,"candidate_repeat_counts":[2,2,2,2,2,2,2,2,2],"candidate_samples_seconds":[0.6109877304406837,0.6123591270297766,0.613287043524906,0.6113349370425567,0.6108483719872311,0.6127614930737764,0.6150842059869319,0.6133787864819169,0.6107525374973193],"complete":true,"discarded_contaminated_trial_indices":[],"faithful_identity":"91647bbb50b6a5e8a243e851201f5c4b82b1cc5be675d8dcda6a757d53b6d7c5","faithful_mad_over_median":0.0015930901035725825,"faithful_median_seconds":0.14719336270354688,"faithful_repeat_counts":[7,7,7,7,7,7,7,7,7],"faithful_samples_seconds":[0.14719336270354688,0.14901851197438581,0.14666619484445878,0.14709662516335292,0.1472405621316284,0.14686623428549087,0.14731915697588452,0.1469588704141123,0.1480372929945588],"horizon_years":100,"ratio":4.160236003732665,"regime":"arid_boundary","rerun_used":false,"runtime_class":"PASS","station_id":"nv262631"},{"candidate_identity":"613dd40b3a808bf35214e40897635edfc7ea5197fca038d9f55e07a38f50a023","candidate_mad_over_median":0.0007465259394418795,"candidate_median_seconds":0.18348148181879273,"candidate_repeat_counts":[6,6,6,6,6,6,6,6,6],"candidate_samples_seconds":[0.18382423499133438,0.18411661381833255,0.18382139333213368,0.18344691030991575,0.18345496869490793,0.1832770186398799,0.1836184555043777,0.18346316181123257,0.18348148181879273],"complete":true,"discarded_contaminated_trial_indices":[],"faithful_identity":"8d52e815bc9cdb514c5204b9c19009f14993e32e236e4cb44e45c54710c8083f","faithful_mad_over_median":0.0008265440864077991,"faithful_median_seconds":0.056413669669483274,"faithful_repeat_counts":[18,18,18,18,18,18,18,18,18],"faithful_samples_seconds":[0.05676241010789656,0.056413669669483274,0.05676361011703395,0.05612743577350759,0.05646029805454115,0.05617051699664444,0.05637325554723955,0.05643490112076203,0.05640201533161518],"horizon_years":30,"ratio":3.2524294713280497,"regime":"monsoonal_transition","rerun_used":false,"runtime_class":"PASS","station_id":"az028820"},{"candidate_identity":"242a2d8184c5d4edcb129ca13c78f656d123b277b4f254cc5cf5bfe5e5311460","candidate_mad_over_median":0.000997965394023852,"candidate_median_seconds":0.6114280560286716,"candidate_repeat_counts":[2,2,2,2,2,2,2,2,2],"candidate_samples_seconds":[0.6107008979888633,0.6114280560286716,0.6108178719878197,0.612329927040264,0.6118314070627093,0.611747357994318,0.6107882970245555,0.611742208013311,0.6106188585981727],"complete":true,"discarded_contaminated_trial_indices":[],"faithful_identity":"ac96709abefad5e940c8e3382b048d9255b004b6786263f40c0b618ade352e33","faithful_mad_over_median":0.0028513142313202986,"faithful_median_seconds":0.16259559955714004,"faithful_repeat_counts":[7,7,7,7,7,7,7,7,7],"faithful_samples_seconds":[0.16259559955714004,0.16143614798784256,0.16253078442865185,0.1621319884101727,0.16310173742073988,0.16348578242052877,0.1639128110171961,0.16246581513301603,0.16297329030930996],"horizon_years":100,"ratio":3.760421916054382,"regime":"monsoonal_transition","rerun_used":false,"runtime_class":"PASS","station_id":"az028820"},{"candidate_identity":"1b518456dc61edd9fc7fc4a65871a16d4bb92793607cf1eaf10e5233d1b3bd39","candidate_mad_over_median":0.0014836138007228489,"candidate_median_seconds":0.183509596507065,"candidate_repeat_counts":[6,6,6,6,6,6,6,6,6],"candidate_samples_seconds":[0.18365946668200195,0.18322303080155203,0.18323733913712204,0.18320533101602146,0.1835145348062118,0.1834061190020293,0.183509596507065,0.18403233715798706,0.18379805982112885],"complete":true,"discarded_contaminated_trial_indices":[],"faithful_identity":"e0fe639dca624fea676a6ca41a12bf7e6cdcaaa1054db00e56ed5616846b12f8","faithful_mad_over_median":0.0016710377092691289,"faithful_median_seconds":0.04773777714442639,"faithful_repeat_counts":[21,22,22,21,21,21,21,21,21],"faithful_samples_seconds":[0.047751975578389,0.04737458236261525,0.0475627955430272,0.04774359419631461,0.04765800551866137,0.04789690318561736,0.047982703761330674,0.04773777714442639,0.04768820610340862],"horizon_years":30,"ratio":3.8441169129403128,"regime":"non_monsoonal_semi_arid","rerun_used":false,"runtime_class":"PASS","station_id":"id101022"},{"candidate_identity":"c8c6b016691cd7c7e7e6e8fc479aea9bf21affc8a672e5569faad6083c4ea6fd","candidate_mad_over_median":0.0010590846996568148,"candidate_median_seconds":0.6116587404394522,"candidate_repeat_counts":[2,2,2,2,2,2,2,2,2],"candidate_samples_seconds":[0.6105603014584631,0.612223320058547,0.6120691415853798,0.6116587404394522,0.6122278700349852,0.6110109420260414,0.610410412424244,0.6132746649673209,0.6110047419788316],"complete":true,