{"minimum_timed_seconds":1.0,"rows":[{"candidate_identity":"ada0cc6b93e052d0797526d03d2b3f9bb3876a15785c3571c59b7d39ddfdfea5","candidate_mad_over_median":0.0013385350781510673,"candidate_median_seconds":0.18658882332965732,"candidate_repeat_counts":[6,6,6,6,6,6,6,6,6],"candidate_samples_seconds":[0.18736474014197788,0.18647674118013433,0.18624306202400476,0.18654996866825968,0.186838579014875,0.18720873332737634,0.1865851233402888,0.18658882332965732,0.187127775978297],"complete":true,"discarded_contaminated_trial_indices":[],"faithful_identity":"7df8d7ccb455729e7c80158976d7db343124d4e489b72388269c485981986178","faithful_mad_over_median":0.004371175937421679,"faithful_median_seconds":0.05782123016090029,"faithful_repeat_counts":[18,18,18,18,18,17,18,18,18],"faithful_samples_seconds":[0.05869133205204788,0.05756848339094884,0.05793405899829748,0.05741185672943377,0.05782123016090029,0.06102831464479951,0.05780957199426161,0.05852869823057619,0.05780081205173499],"horizon_years":30,"ratio":3.2269950468095003,"regime":"hot_arid","rerun_used":false,"runtime_class":"PASS","station_id":"az026481"},{"candidate_identity":"347939b8ba426624170ddb72850966c0595a7c30e688c714f5cea1f433a3482b","candidate_mad_over_median":0.0015929852635302051,"candidate_median_seconds":0.6215622805757448,"candidate_repeat_counts":[2,2,2,2,2,2,2,2,2],"candidate_samples_seconds":[0.6223645925056189,0.6202046399703249,0.6222294383915141,0.6205721410224214,0.6196682305308059,0.6230305948993191,0.622740107937716,0.62131308298558,0.6215622805757448],"complete":true,"discarded_contaminated_trial_indices":[],"faithful_identity":"a083fe0b9d0a2fbca0af23afb47448a48cd4b8e258882fe132a3f7fa45a4ee78","faithful_mad_over_median":0.0028162400601004344,"faithful_median_seconds":0.1712622691799576,"faithful_repeat_counts":[6,6,6,6,6,6,6,6,6],"faithful_samples_seconds":[0.1712622691799576,0.1827597733354196,0.16966452666868767,0.17108711833134294,0.17034709135380885,0.17036586763182035,0.1717323598374302,0.1717445848432059,0.17162625615795454],"horizon_years":100,"ratio":3.62930074179167,"regime":"hot_arid","rerun_used":false,"runtime_class":"PASS","station_id":"az026481"},{"candidate_identity":"e867ce29e61d70b3bee33ff1838c17bd2ee19beeb5577b9440161c6193d5870f","candidate_mad_over_median":0.0011480318645044599,"candidate_median_seconds":0.18648686236701906,"candidate_repeat_counts":[6,6,6,6,6,6,6,6,6],"candidate_samples_seconds":[0.18721017967133471,0.18648686236701906,0.18627276950671026,0.18639772482371578,0.18624934984836727,0.1880092111726602,0.18653403350617737,0.1868298436747864,0.18648648401722312],"complete":true,"discarded_contaminated_trial_indices":[],"faithful_identity":"8a4885286a535de2ab795a12565fe0fc5f49ab863f738eda784602e066373810","faithful_mad_over_median":0.029514323871066058,"faithful_median_seconds":0.05459197089811297,"faithful_repeat_counts":[19,17,20,18,18,19,19,17,19],"faithful_samples_seconds":[0.05310523605562354,0.058831115883282,0.052165452146437016,0.055642497441213995,0.0580221917738931,0.05459197089811297,0.05340294611003054,0.0597390474696808,0.05298072578826625],"horizon_years":30,"ratio":3.416012635174254,"regime":"arid_boundary","rerun_used":false,"runtime_class":"PASS","station_id":"nv262631"},{"candidate_identity":"1537db04b823675b5825a0e56f6fa63b46dee3e3633625f61f529f275e5f9432","candidate_mad_over_median":0.0014537960706242714,"candidate_median_seconds":0.6203249390237033,"candidate_repeat_counts":[2,2,2,2,2,2,2,2,2],"candidate_samples_seconds":[0.6204461475135759,0.6191000865073875,0.6188644539797679,0.6196676004910842,0.6203249390237033,0.6222457579569891,0.6194231130648404,0.6222941080341116,0.6209918215172365],"complete":true,"discarded_contaminated_trial_indices":[],"faithful_identity":"7eaa920f4d1ea3f60f4f5910b9bbf3020a068754757bea6758830c696ef2e155","faithful_mad_over_median":0.004151752034771787,"faithful_median_seconds":0.1484940718593342,"faithful_repeat_counts":[7,7,7,7,7,7,7,7,7],"faithful_samples_seconds":[0.14869286845039045,0.15550548071041703,0.14838140886942192,0.1479881144394832,0.1484940718593342,0.1502083054344569,0.14787756129434065,0.1472505222939487,0.14950163842045835],"horizon_years":100,"ratio":4.177439080607381,"regime":"arid_boundary","rerun_used":false,"runtime_class":"PASS","station_id":"nv262631"},{"candidate_identity":"5ee319f4ad2cf1a2d8ca6f033481b5e80fb8c109d062255bb8e41bff1891226a","candidate_mad_over_median":0.0013269314315224906,"candidate_median_seconds":0.18662796615778157,"candidate_repeat_counts":[6,6,6,6,6,6,6,6,6],"candidate_samples_seconds":[0.18705137465925267,0.18608369949894646,0.18556322766623148,0.18678849450467774,0.18652860401198268,0.18692176649346948,0.18662796615778157,0.18687560867207745,0.18658252498911074],"complete":true,"discarded_contaminated_trial_indices":[],"faithful_identity":"28f3c39d5d47b658830f693d11813cc2ff5e103be095e8138c4021529e4950d2","faithful_mad_over_median":0.08483444638083587,"faithful_median_seconds":0.06921951600039998,"faithful_repeat_counts":[15,16,15,18,15,15,14,13,18],"faithful_samples_seconds":[0.06998135700511436,0.06334731668175664,0.07030598379982014,0.05683223172349648,0.06921951600039998,0.06745471727723877,0.08467524314099657,0.08180561022331509,0.05688158399425447],"horizon_years":30,"ratio":2.6961755432774646,"regime":"monsoonal_transition","rerun_used":false,"runtime_class":"PASS","station_id":"az028820"},{"candidate_identity":"dac820da843bbf4e5f77ab5f1cc4e7df6b1a99e6c96421ff75a8c0def233f0b2","candidate_mad_over_median":0.0007962272047295443,"candidate_median_seconds":0.6219950820086524,"candidate_repeat_counts":[2,2,2,2,2,2,2,2,2],"candidate_samples_seconds":[0.6235340109560639,0.6228042735019699,0.6214624874992296,0.6224903314141557,0.6218976329546422,0.622138575417921,0.621455428074114,0.6219950820086524,0.6215313919819891],"complete":true,"discarded_contaminated_trial_indices":[],"faithful_identity":"b14be0a94b1f2999f5385f96c7a89cd0b69028ba0c2c39f9e0e37600644b1ee7","faithful_mad_over_median":0.002800126041988275,"faithful_median_seconds":0.16385563556104898,"faithful_repeat_counts":[7,7,7,7,7,7,7,7,7],"faithful_samples_seconds":[0.16384507299933052,0.16385563556104898,0.16482943685592286,0.16339681912878795,0.16469487398197608,0.1634535627173526,0.1642642555691834,0.16335871815681458,0.16626354729357576],"horizon_years":100,"ratio":3.7959944427844277,"regime":"monsoonal_transition","rerun_used":false,"runtime_class":"PASS","station_id":"az028820"},{"candidate_identity":"4809f5a79188813d5d0f5d4f3b03e1ae3c3b7292c68ab54abaf4c480d703fe7e","candidate_mad_over_median":0.0012214745594107208,"candidate_median_seconds":0.18616231748213372,"candidate_repeat_counts":[6,6,6,6,6,6,6,6,6],"candidate_samples_seconds":[0.18616193963680416,0.18646107315241048,0.18642195663414896,0.18616231748213372,0.186388058316273,0.186121227646557,0.18588847868765393,0.18638971001685908,0.18564334449668726],"complete":true,"discarded_contaminated_trial_indices":[],"faithful_identity":"5beff87ade943c83cffe643e751208525fcd9001889db0895eea2cd87ff38b64","faithful_mad_over_median":0.08045521652697032,"faithful_median_seconds":0.06805509339707592,"faithful_repeat_counts":[15,12,19,14,15,16,16,12,21],"faithful_samples_seconds":[0.0682528495322913,0.08996688349482913,0.053332883791115726,0.07255766527461154,0.06805509339707592,0.062579706122051,0.06460934587812517,0.08674931658121447,0.04820674385077187],"horizon_years":30,"ratio":2.735464873965369,"regime":"non_monsoonal_semi_arid","rerun_used":true,"runtime_class":"PASS","station_id":"id101022"},{"candidate_identity":"3ef7ac8735fac1310462fc72f09b287add0afe1a23ba2d0598c008c3b49766bd","candidate_mad_over_median":0.0008835153970537578,"candidate_median_seconds":0.6209728814428672,"candidate_repeat_counts":[2,2,2,2,2,2,2,2,2],"candidate_samples_seconds":[0.6196322799660265,0.6209728814428672,0.6218299875035882,0.6206287199165672,0.6205746200866997,0.6214361160527915,0.6203876074869186,0.6225582689512521,0.6215215205447748],"complete":true,