{"minimum_timed_seconds":1.0,"rows":[{"candidate_identity":"b60a4d560aff1848050b05851e2bd4d5e4598633c763e4a8b2212af2c6980821","candidate_mad_over_median":0.0010370214994928862,"candidate_median_seconds":0.18663694651331753,"candidate_repeat_counts":[6,6,6,6,6,6,6,6,6],"candidate_samples_seconds":[0.1864433999871835,0.1870689121618246,0.18663694651331753,0.1865855484890441,0.18700364783095816,0.18644498486537486,0.18642911683612814,0.18702804933612546,0.18675669515505433],"complete":true,"discarded_contaminated_trial_indices":[],"faithful_identity":"938e668cc4db86e34ffa7874b2029fa1891cb9f220a871ea2376197481dd95cc","faithful_mad_over_median":0.001895133221300941,"faithful_median_seconds":0.05718478995064894,"faithful_repeat_counts":[18,18,18,18,18,18,18,18,18],"faithful_samples_seconds":[0.05718478995064894,0.05697328817202813,0.057152678607963026,0.05721840856131166,0.05743503478717887,0.057046431892861925,0.057453165671581194,0.05707641715546035,0.05724876099783513],"horizon_years":30,"ratio":3.2637515443247604,"regime":"hot_arid","rerun_used":false,"runtime_class":"PASS","station_id":"az026481"},{"candidate_identity":"9049085281c354455e8e12e31c5af8782ce7539736037f2f53103da3764984e0","candidate_mad_over_median":0.001388862268607308,"candidate_median_seconds":0.6228382214903831,"candidate_repeat_counts":[2,2,2,2,2,2,2,2,2],"candidate_samples_seconds":[0.6234815404750407,0.6228382214903831,0.625956131494604,0.6228540019365028,0.6211421730695292,0.6219731849851087,0.6218375065363944,0.6252409685403109,0.6222776270005852],"complete":true,"discarded_contaminated_trial_indices":[],"faithful_identity":"51559c17e24aab178038e0a96387e106e83120805e4338c46c1f38b3253a0624","faithful_mad_over_median":0.0033870559045751183,"faithful_median_seconds":0.16952756132620075,"faithful_repeat_counts":[6,6,6,6,6,6,6,6,6],"faithful_samples_seconds":[0.17019110984013727,0.16895336199862263,0.17041867098305374,0.1688289880209292,0.1714513876553004,0.16972764783228436,0.16914425666133562,0.16942582399739572,0.16952756132620075],"horizon_years":100,"ratio":3.6739643785232845,"regime":"hot_arid","rerun_used":false,"runtime_class":"PASS","station_id":"az026481"},{"candidate_identity":"084ce180844b8b3f81a22af9933288be062dc28aefe2cae378bda9f1abeb99d8","candidate_mad_over_median":0.0003930146688858231,"candidate_median_seconds":0.186585468511718,"candidate_repeat_counts":[6,6,6,6,6,6,6,6,6],"candidate_samples_seconds":[0.18665952782612294,0.1866839376743883,0.1865167359743888,0.18657938033963242,0.1866614694784706,0.18696196000867835,0.18654821731615812,0.186585468511718,0.18651213768559197],"complete":true,"discarded_contaminated_trial_indices":[],"faithful_identity":"f3a62e46d88218986911e21a3f0bce6cf9fdc9c3e5abe207002abb7ca8f6879f","faithful_mad_over_median":0.002583141387884176,"faithful_median_seconds":0.050406724750064316,"faithful_repeat_counts":[20,20,20,20,20,20,20,20,20],"faithful_samples_seconds":[0.05037809259956703,0.050406724750064316,0.05065057839965448,0.05027651705313474,0.050570820702705535,0.05073153715347871,0.05034295190125704,0.050269691145513204,0.05048916999949142],"horizon_years":30,"ratio":3.701598733837194,"regime":"arid_boundary","rerun_used":false,"runtime_class":"PASS","station_id":"nv262631"},{"candidate_identity":"0c6961eb38710c8375a6d0425b63cf97ef45d498be14517de7b5810e41a9012b","candidate_mad_over_median":0.0004192802193586784,"candidate_median_seconds":0.6224656919948757,"candidate_repeat_counts":[2,2,2,2,2,2,2,2,2],"candidate_samples_seconds":[0.6224656919948757,0.6225034714443609,0.6224800220225006,0.6222047044429928,0.6218851130688563,0.624639349989593,0.6215440459782258,0.6226435200078413,0.6209039625246078],"complete":true,"discarded_contaminated_trial_indices":[],"faithful_identity":"bcf87ae3b0f21f4c20e11aab0797eb06b36e39c3a91d223c21e5797939f25837","faithful_mad_over_median":0.003959742412337834,"faithful_median_seconds":0.1474298312927463,"faithful_repeat_counts":[7,7,7,7,7,7,7,7,7],"faithful_samples_seconds":[0.15135612185778363,0.14842184716170387,0.1472589872843985,0.14648357945095217,0.14770607856501425,0.1474298312927463,0.1475342717354319,0.14654683155406797,0.1468460471369326],"horizon_years":100,"ratio":4.222114931128607,"regime":"arid_boundary","rerun_used":false,"runtime_class":"PASS","station_id":"nv262631"},{"candidate_identity":"918544b50819c8db935036c3575dd3a7fa485d78ddd541eb3d49fd6a9c8e2557","candidate_mad_over_median":0.0002672548496800053,"candidate_median_seconds":0.18632531282491982,"candidate_repeat_counts":[6,6,6,6,6,6,6,6,6],"candidate_samples_seconds":[0.1863038515051206,0.1864185903298979,0.18654330734473965,0.18637510916839042,0.18632531282491982,0.18622847898708036,0.1863091430083538,0.18631134302510569,0.186433435146076],"complete":true,"discarded_contaminated_trial_indices":[],"faithful_identity":"e0c6c65ecd7e69606507b79106ce611f8545837f7ca61176d133a9fff70d030c","faithful_mad_over_median":0.004428501489711764,"faithful_median_seconds":0.056312551890085966,"faithful_repeat_counts":[18,18,18,18,18,18,18,18,18],"faithful_samples_seconds":[0.056421467452310026,0.05656193211002068,0.05613775421968765,0.05605844383697129,0.05656305717356089,0.05585299644412266,0.05667537545216166,0.056163653938306704,0.056312551890085966],"horizon_years":30,"ratio":3.308770541754175,"regime":"monsoonal_transition","rerun_used":false,"runtime_class":"PASS","station_id":"az028820"},{"candidate_identity":"a891180e8836b308f69e2f8e1b6f4ecddbb60153567e5027f8a6dbd54a49e663","candidate_mad_over_median":0.0008601014045382986,"candidate_median_seconds":0.6210366265149787,"candidate_repeat_counts":[2,2,2,2,2,2,2,2,2],"candidate_samples_seconds":[0.6206958445254713,0.6217742989538237,0.6210035164840519,0.621570780989714,0.6210506709758192,0.6218240285525098,0.6203256434528157,0.6210366265149787,0.6204846315085888],"complete":true,"discarded_contaminated_trial_indices":[],"faithful_identity":"62d6b82f48ccd8eabb7581e893bb03417690c2eafea7b60131f8906d7fed214e","faithful_mad_over_median":0.00573783973129172,"faithful_median_seconds":0.16259788498947664,"faithful_repeat_counts":[7,7,7,7,7,7,7,7,7],"faithful_samples_seconds":[0.1625063801516912,0.1614712005747216,0.16240370543008403,0.16259788498947664,0.16353084559419326,0.16584661942241447,0.1645552038680762,0.16454255684012814,0.16252723286327506],"horizon_years":100,"ratio":3.8194631286573766,"regime":"monsoonal_transition","rerun_used":false,"runtime_class":"PASS","station_id":"az028820"},{"candidate_identity":"dd3bb230446bcb529d088d97e12187963c4a43cadf8d6880672f254e213b3cd9","candidate_mad_over_median":0.0006001045349319102,"candidate_median_seconds":0.1863961210086321,"candidate_repeat_counts":[6,6,6,6,6,6,6,6,6],"candidate_samples_seconds":[0.18646119317660728,0.18626942881383002,0.18629437351288894,0.18617964951166263,0.1863961210086321,0.18680645032630613,0.18639390415046364,0.1865079781661431,0.18657384917605668],"complete":true,"discarded_contaminated_trial_indices":[],"faithful_identity":"2f25590350f18a44be4c20a95b32f19c0c26bc0566a4ec45f806514709514e72","faithful_mad_over_median":0.0037389965477483424,"faithful_median_seconds":0.047975872000235883,"faithful_repeat_counts":[21,21,21,21,21,21,21,21,21],"faithful_samples_seconds":[0.04779438137830723,0.047975872000235883,0.048029882001823614,0.04774329242562609,0.048550362088939265,0.04801204071069757,0.04771115800498852,0.04790970599944038,0.04815525362001998],"horizon_years":30,"ratio":3.885205484284176,"regime":"non_monsoonal_semi_arid","rerun_used":false,"runtime_class":"PASS","station_id":"id101022"},{"candidate_identity":"a3ab5f219aa63c935f60ed56ad44060367d988d7e36b3b2e2117a605bef84b0f","candidate_mad_over_median":0.0006318916610585593,"candidate_median_seconds":0.6213185589294881,"candidate_repeat_counts":[2,2,2,2,2,2,2,2,2],"candidate_samples_seconds":[0.6217261195415631,0.6213185589294881,0.621431622421369,0.6222816889639944,0.621054261457175,0.6206516050733626,0.6208229685435072,0.621070550987497,0.6217111649457365],"complete":true,