{
  "classes": {
    "alternating_renewal_marked_v1": {
      "calendar": "proleptic_gregorian",
      "calibration_replicates": 200,
      "candidate_class": "alternating_renewal_marked_v1",
      "days_per_replication": 36525,
      "four_fit_pass": [
        true,
        true,
        true,
        true
      ],
      "four_fit_seeds": [
        9001,
        9002,
        9003,
        9004
      ],
      "joint_relative_tolerance_95": 0.12390126297019281,
      "joint_validation_coverage": 0.9325,
      "rng": {
        "algorithm": "Python MT19937",
        "domain": "synthetic_fixture",
        "version": "CPython 3.12"
      },
      "scalar_tolerances_95": {
        "adjacent_amount_correlation": 0.026569445225825522,
        "dry_spell_mean": 0.08553900712079976,
        "event_duration_mean": 6.319432849332998,
        "monthly_total_mean": 2.363484088245926,
        "monthly_total_variance": 236.39601975986693,
        "peak_ratio_mean": 0.023747547898229637,
        "tail_probability": 0.004829024360944845,
        "time_to_peak_mean": 0.00482389409953321,
        "wet_amount_cv": 0.04544902432606057,
        "wet_amount_mean": 0.18992453111001684,
        "wet_fraction": 0.006252977412731009,
        "wet_spell_mean": 0.038652836583066286
      },
      "scalar_validation_coverage": {
        "adjacent_amount_correlation": 0.935,
        "dry_spell_mean": 0.935,
        "event_duration_mean": 0.91,
        "monthly_total_mean": 0.9025,
        "monthly_total_variance": 0.95,
        "peak_ratio_mean": 0.9275,
        "tail_probability": 0.9575,
        "time_to_peak_mean": 0.93,
        "wet_amount_cv": 0.97,
        "wet_amount_mean": 0.915,
        "wet_fraction": 0.94,
        "wet_spell_mean": 0.92
      },
      "status": "fit_valid",
      "targets": {
        "adjacent_amount_correlation": 0.2492594168794006,
        "dry_spell_mean": 4.13605624850011,
        "event_duration_mean": 722.019726936252,
        "monthly_total_mean": 84.82293867826311,
        "monthly_total_variance": 2074.8707172970694,
        "peak_ratio_mean": 2.7946359615131633,
        "tail_probability": 0.07988711886133214,
        "time_to_peak_mean": 0.5004252663898917,
        "wet_amount_cv": 1.0942842099395131,
        "wet_amount_mean": 7.930334310328667,
        "wet_fraction": 0.35141382614647504,
        "wet_spell_mean": 2.241014902509384
      },
      "validation_replicates": 400,
      "years_per_replication": 100
    },
    "latent_regime_marked_v1": {
      "calendar": "proleptic_gregorian",
      "calibration_replicates": 200,
      "candidate_class": "latent_regime_marked_v1",
      "days_per_replication": 36525,
      "four_fit_pass": [
        true,
        true,
        true,
        true
      ],
      "four_fit_seeds": [
        9001,
        9002,
        9003,
        9004
      ],
      "joint_relative_tolerance_95": 0.7230863408944688,
      "joint_validation_coverage": 0.9575,
      "rng": {
        "algorithm": "Python MT19937",
        "domain": "synthetic_fixture",
        "version": "CPython 3.12"
      },
      "scalar_tolerances_95": {
        "adjacent_amount_correlation": 0.02786634465243484,
        "event_duration_mean": 2.8369858029977593,
        "monthly_total_mean": 4.581358786521065,
        "monthly_total_variance": 849.6169057119378,
        "peak_ratio_mean": 0.025227443031777597,
        "state_0_amount_mean": 0.17569384808128152,
        "state_0_dwell_mean": 0.1999701581635671,
        "state_0_occupancy": 0.012166598220396951,
        "state_0_wet_probability": 0.003771935979518151,
        "state_1_amount_mean": 0.26906542492646324,
        "state_1_dwell_mean": 0.08167420622462185,
        "state_1_occupancy": 0.010550992470910292,
        "state_1_wet_probability": 0.007965832747000967,
        "state_2_amount_mean": 0.5753329292327152,
        "state_2_dwell_mean": 0.06450759655541338,
        "state_2_occupancy": 0.007152361396303902,
        "state_2_wet_probability": 0.010013951080654726,
        "tail_probability": 0.005479079724686392,
        "time_to_peak_mean": 0.004533929403361836,
        "transition_0_0": 0.010414870520908753,
        "transition_0_1": 0.016869012137446293,
        "transition_0_2": 0.01541959465695869,
        "transition_1_0": 0.015336504321529887,
        "transition_1_1": 0.010643293546087618,
        "transition_1_2": 0.01617302662416148,
        "transition_2_0": 0.013895885334847424,
        "transition_2_1": 0.017938635585680762,
        "transition_2_2": 0.012729981805990984,
        "wet_fraction": 0.006746338124572204
      },
      "scalar_validation_coverage": {
        "adjacent_amount_correlation": 0.9575,
        "event_duration_mean": 0.95,
        "monthly_total_mean": 0.935,
        "monthly_total_variance": 0.945,
        "peak_ratio_mean": 0.9125,
        "state_0_amount_mean": 0.95,
        "state_0_dwell_mean": 0.9525,
        "state_0_occupancy": 0.9425,
        "state_0_wet_probability": 0.9075,
        "state_1_amount_mean": 0.9325,
        "state_1_dwell_mean": 0.9375,
        "state_1_occupancy": 0.9675,
        "state_1_wet_probability": 0.9575,
        "state_2_amount_mean": 0.9375,
        "state_2_dwell_mean": 0.9225,
        "state_2_occupancy": 0.9225,
        "state_2_wet_probability": 0.9875,
        "tail_probability": 0.93,
        "time_to_peak_mean": 0.9775,
        "transition_0_0": 0.925,
        "transition_0_1": 0.9475,
        "transition_0_2": 0.9625,
        "transition_1_0": 0.9375,
        "transition_1_1": 0.9675,
        "transition_1_2": 0.9475,
        "transition_2_0": 0.925,
        "transition_2_1": 0.975,
        "transition_2_2": 0.985,
        "wet_fraction": 0.935
      },
      "status": "fit_valid",
      "targets": {
        "adjacent_amount_correlation": 0.03853805980896244,
        "event_duration_mean": 245.55625256018553,
        "monthly_total_mean": 131.70474077988692,
        "monthly_total_variance": 7619.454355859155,
        "peak_ratio_mean": 3.060128447950197,
        "state_0_amount_mean": 2.9011010259979613,
        "state_0_dwell_mean": 5.839193339935292,
        "state_0_occupancy": 0.4254514715947981,
        "state_0_wet_probability": 0.07993384872230792,
        "state_1_amount_mean": 8.670427014337392,
        "state_1_dwell_mean": 3.4277372781689928,
        "state_1_occupancy": 0.38854551676933613,
        "state_1_wet_probability": 0.42028339194992603,
        "state_2_amount_mean": 18.437373563272434,
        "state_2_dwell_mean": 2.5525136800403314,
        "state_2_occupancy": 0.18600301163586586,
        "state_2_wet_probability": 0.8201155312160949,
        "tail_probability": 0.13329991337127203,
        "time_to_peak_mean": 0.5337798909093566,
        "transition_0_0": 0.09972068665599318,
        "transition_0_1": 0.7003749637661681,
        "transition_0_2": 0.19990434957783865,
        "transition_1_0": 0.44996663665728676,
        "transition_1_1": 0.09967189270033072,
        "transition_1_2": 0.4503614706423825,
        "transition_2_0": 0.2001496880682157,
        "transition_2_1": 0.700246327893373,
        "transition_2_2": 0.0996039840384113,
        "wet_fraction": 0.34985379876796713
      },
      "validation_replicates": 400,
      "years_per_replication": 100
    }
  },
  "observed_target_access": false,
  "schema_version": 1
}
