{"minimum_timed_seconds":1.0,"rows":[{"candidate_identity":"0feb2283b055badbdf87194c96a9fe6e41c37dce7d14ce16c5c9176f0a5b8a14","candidate_mad_over_median":0.0019275535249682083,"candidate_median_seconds":0.1714174404817944,"candidate_repeat_counts":[6,6,6,6,6,6,6,6,6],"candidate_samples_seconds":[0.1715293291490525,0.17108702419015268,0.17080879552910724,0.17180025135166943,0.17092982582592717,0.1714174404817944,0.17167168448213488,0.17194392799865454,0.1713300464907661],"complete":true,"discarded_contaminated_trial_indices":[],"faithful_identity":"d79d1867a3bed0f67babe342698e04607538e2ea46960b65cc34ebe39d6be84c","faithful_mad_over_median":0.06086558365645121,"faithful_median_seconds":0.06703424433556696,"faithful_repeat_counts":[17,15,13,18,13,15,16,15,16],"faithful_samples_seconds":[0.06007725953617517,0.06982292579486966,0.07777115799343357,0.058068764991023473,0.07820586869134925,0.06986827199968199,0.06472584219591226,0.06703424433556696,0.06295416592911351],"horizon_years":30,"ratio":2.5571622710281514,"regime":"hot_arid","rerun_used":false,"runtime_class":"PASS","station_id":"az026481"},{"candidate_identity":"df3a384b33a2de3906a6a9cbc64424d3850574f7e66801cef4369e0ebc32e1c6","candidate_mad_over_median":0.0007743306506062009,"candidate_median_seconds":0.5696080109337345,"candidate_repeat_counts":[2,2,2,2,2,2,2,2,2],"candidate_samples_seconds":[0.5698168189264834,0.5696542309597135,0.5703436681069434,0.5685569125926122,0.568427663994953,0.56935008848086,0.5703540280228481,0.5691669459920377,0.5696080109337345],"complete":true,"discarded_contaminated_trial_indices":[],"faithful_identity":"56a45abd94f9b6abc071262b4c24b691e7c61f44687b84bf4412a40c0936efd6","faithful_mad_over_median":0.004564995932569123,"faithful_median_seconds":0.17180255280497173,"faithful_repeat_counts":[6,6,6,6,6,6,6,6,6],"faithful_samples_seconds":[0.17101827485021204,0.17838371432541558,0.17150088768297186,0.17120416435257843,0.17329134147924682,0.17180255280497173,0.17165674932766706,0.17943610266471902,0.17274040080762157],"horizon_years":100,"ratio":3.3154804840434875,"regime":"hot_arid","rerun_used":false,"runtime_class":"PASS","station_id":"az026481"},{"candidate_identity":"995b9c36804b8cfdc146c51a17fa7553c1fa27a1455ffc44d0347b740600dce9","candidate_mad_over_median":0.0009167399658169298,"candidate_median_seconds":0.17078455386217684,"candidate_repeat_counts":[6,6,6,6,6,6,6],"candidate_samples_seconds":[0.1711960593238473,0.17062798883610716,0.1707226161767418,0.17050502682104707,0.17091738750847676,0.17120667434452722,0.17078455386217684],"complete":true,"discarded_contaminated_trial_indices":[5,2],"faithful_identity":"6def9f9553a77f5f94c8de9c15443e4a47be94a360892079e7c7a650871d5cdb","faithful_mad_over_median":0.154195949575961,"faithful_median_seconds":0.07730024539005871,"faithful_repeat_counts":[13,14,16,16,14,12,12],"faithful_samples_seconds":[0.07730024539005871,0.07286838092841208,0.06470320049265865,0.06314681000367273,0.08921963013043362,0.08485612358587484,0.09677215424987178],"horizon_years":30,"ratio":2.2093662575117876,"regime":"arid_boundary","rerun_used":true,"runtime_class":"PASS","station_id":"nv262631"},{"candidate_identity":"2e6e7583e4f65f5ab3c799ebe438df0d39a48c438eaec4386bfffcd5ebb11f23","candidate_mad_over_median":0.0007741038148515678,"candidate_median_seconds":0.5682972184149548,"candidate_repeat_counts":[2,2,2,2,2,2,2,2,2],"candidate_samples_seconds":[0.5690197024960071,0.5684879935579374,0.5677834959933534,0.5681818969314918,0.5670055444352329,0.5687371394596994,0.5674522729823366,0.568653010064736,0.5682972184149548],"complete":true,"discarded_contaminated_trial_indices":[],"faithful_identity":"374a4efa5f2e46cf712c4b7065ff5cd924c1e66d4a70983b9bf5805c87f1dfb3","faithful_mad_over_median":0.010029725034493044,"faithful_median_seconds":0.15048204971078252,"faithful_repeat_counts":[7,7,7,6,7,7,7,7,6],"faithful_samples_seconds":[0.14960520954004355,0.14966544316017202,0.14929847998012388,0.17417840019334108,0.15048204971078252,0.15891711031352834,0.1542694197435464,0.14897275612955646,0.16700864982946464],"horizon_years":100,"ratio":3.7765116803445196,"regime":"arid_boundary","rerun_used":false,"runtime_class":"PASS","station_id":"nv262631"},{"candidate_identity":"d6b224c91076d43c01d45cd5c7811bfbab5c803b45260b310bf88226ffe74b20","candidate_mad_over_median":0.0009525294934339526,"candidate_median_seconds":0.17061765701510012,"candidate_repeat_counts":[6,6,6,6,6,6,6,6,6],"candidate_samples_seconds":[0.17039183950206885,0.17061765701510012,0.1708687791833654,0.17062759682691345,0.17045513866469264,0.17070667434018105,0.17042896066171428,0.17085728099724898,0.17048288016424826],"complete":true,"discarded_contaminated_trial_indices":[],"faithful_identity":"63de269da1b4e57acd3322681f22c5780dec5c86e2a562fdc8997c4287958a21","faithful_mad_over_median":0.029969383604792278,"faithful_median_seconds":0.05942506993682507,"faithful_repeat_counts":[17,18,13,18,18,17,17,17,17],"faithful_samples_seconds":[0.05948458928340936,0.056867402396164834,0.07766892807558179,0.05764413722014675,0.05869283577582488,0.05942506993682507,0.0621140558299992,0.0647432035766542,0.05899758930044139],"horizon_years":30,"ratio":2.871139355771632,"regime":"monsoonal_transition","rerun_used":false,"runtime_class":"PASS","station_id":"az028820"},{"candidate_identity":"8fbf441c5cae7781586c4922b1f4254f43d81ccd0f321718463fdcd47aa73838","candidate_mad_over_median":0.0007604133201862439,"candidate_median_seconds":0.569921096554026,"candidate_repeat_counts":[2,2,2,2,2,2,2,2,2],"candidate_samples_seconds":[0.5718107104767114,0.5700554549694061,0.5704985350603238,0.5700702695176005,0.5694877209607512,0.5696939285844564,0.5684500775532797,0.569921096554026,0.5687727939803153],"complete":true,"discarded_contaminated_trial_indices":[],"faithful_identity":"e523251bbf17fa3b0676d36938fd6002e57c8c134ea399194cf601cacd37b965","faithful_mad_over_median":0.016165412005714162,"faithful_median_seconds":0.16748591512441635,"faithful_repeat_counts":[7,7,7,7,6,6,6,6,7],"faithful_samples_seconds":[0.1647784363012761,0.16420467683513248,0.16535773700369255,0.1653934809977987,0.16974534466862679,0.1728034681485345,0.18216712734041116,0.17558259780829152,0.16748591512441635],"horizon_years":100,"ratio":3.4028001466909146,"regime":"monsoonal_transition","rerun_used":false,"runtime_class":"PASS","station_id":"az028820"},{"candidate_identity":"dd4e3ae84167850ecd0ef0247bb55e47cb5cf214f6da399453cc6c2f5018d5dd","candidate_mad_over_median":0.0008418399671349558,"candidate_median_seconds":0.17110156329969564,"candidate_repeat_counts":[6,6,6,6,6,6,6,6,6],"candidate_samples_seconds":[0.17150853717854866,0.17132465933294347,0.1709575231652707,0.17110156329969564,0.17108918850620589,0.17163411085493863,0.17105049550688514,0.17111821899500987,0.17094594748535505],"complete":true,"discarded_contaminated_trial_indices":[],"faithful_identity":"be56964732b00075f1aeec21c5ca0186dd46bcdd5afaccc99f6a88a40e11e621","faithful_mad_over_median":0.03009772913858468,"faithful_median_seconds":0.05203622304834425,"faithful_repeat_counts":[20,20,20,21,18,14,20,20,21],"faithful_samples_seconds":[0.05299908324377611,0.05274474954931065,0.05047005090164021,0.04852449347353762,0.05646179472872367,0.07347115829387414,0.051123537041712554,0.05203622304834425,0.04932064410032971],"horizon_years":30,"ratio":3.2881241811254007,"regime":"non_monsoonal_semi_arid","rerun_used":false,"runtime_class":"PASS","station_id":"id101022"},{"candidate_identity":"044e14b479a0c36737c7a96b47f0c702639ee76745fb59fad464c655a6cb8f27","candidate_mad_over_median":0.0012083555594555966,"candidate_median_seconds":0.5684191948967054,"candidate_repeat_counts":[2,2,2,2,2,2,2,2,2],"candidate_samples_seconds":[0.5677078129956499,0.5676872079493478,0.5677323424024507,0.5693833194673061,0.5687177020590752,0.5684191948967054,0.5678419314790517,0.5695338930236176,0.5685348990373313],"complete":true,"discarded_contaminated_trial_indices":[],