{"minimum_timed_seconds":1.0,"rows":[{"candidate_identity":"d974e8150ea0e498493542dff17cae26b1c6e9c4e6b3cd4ae396bcc0cdf0e098","candidate_mad_over_median":0.0013721308099743203,"candidate_median_seconds":0.1684840840365117,"candidate_repeat_counts":[6,6,6,6,6,6,6,6,6],"candidate_samples_seconds":[0.1684840840365117,0.16902160516474396,0.1683651638450101,0.1682529018338149,0.1682056471472606,0.16905268980190158,0.16839694181301942,0.1686200126617526,0.16889261982093254],"complete":true,"discarded_contaminated_trial_indices":[],"faithful_identity":"e920637e023f7411b99ad0d1835276a1959811d476e25a56727ecee3c70ec5cb","faithful_mad_over_median":0.0361960880335414,"faithful_median_seconds":0.06130989694365246,"faithful_repeat_counts":[16,18,17,18,13,17,17,16,17],"faithful_samples_seconds":[0.06558465324633289,0.05766125138486839,0.05950131876777638,0.05791959972379522,0.07861640816554427,0.06010091699221555,0.06155747840838397,0.06352907537075225,0.06130989694365246],"horizon_years":30,"ratio":2.7480731894127772,"regime":"hot_arid","rerun_used":true,"runtime_class":"PASS","station_id":"az026481"},{"candidate_identity":"2983c9d9358b6b670730c613d8e28ea86d5a5b2e71e269502f4cabb0ab31d88e","candidate_mad_over_median":0.0011204836668720968,"candidate_median_seconds":0.5623445910168812,"candidate_repeat_counts":[2,2,2,2,2,2,2,2,2],"candidate_samples_seconds":[0.5636051420588046,0.5614811050472781,0.5609696159372106,0.5618673010030761,0.5625108585227281,0.5623445910168812,0.56268773204647,0.5617144930874929,0.5635499979835004],"complete":true,"discarded_contaminated_trial_indices":[],"faithful_identity":"908cf12920152013a298c031ea1b37a2d9e068e4198af9ce3c393217ea1601e5","faithful_mad_over_median":0.005009077212116934,"faithful_median_seconds":0.1703881669867163,"faithful_repeat_counts":[6,6,6,6,6,6,6,6,6],"faithful_samples_seconds":[0.17109871616897485,0.16953467950224876,0.1703881669867163,0.1699331586714834,0.17321768666928014,0.1720425043410311,0.16975281049963087,0.16938732781757912,0.17324107652530074],"horizon_years":100,"ratio":3.3003734998846626,"regime":"hot_arid","rerun_used":false,"runtime_class":"PASS","station_id":"az026481"},{"candidate_identity":"acc00cba1c8ceb1bb3e559aaeff08b8a90c8dca1dd43062d3b78c13f64b3ff5e","candidate_mad_over_median":0.0005460035080433468,"candidate_median_seconds":0.16853813324511674,"candidate_repeat_counts":[6,6,6,6,6,6,6,6],"candidate_samples_seconds":[0.16858193033840507,0.16841963197415075,0.16848037799354643,0.16844824499761066,0.16863228982159248,0.16849433615182838,0.16866246265514442,0.16865788283757865],"complete":true,"discarded_contaminated_trial_indices":[1],"faithful_identity":"e675a774c4f1721e6d54f729047c0a7954e325246611d7f116a5604695664718","faithful_mad_over_median":0.07938044970411551,"faithful_median_seconds":0.05622972968634904,"faithful_repeat_counts":[15,19,19,18,15,19,20,16],"faithful_samples_seconds":[0.07450817840484282,0.05438679937077196,0.05266142251754278,0.058072660001926124,0.06770548519367973,0.05389071467920745,0.05087095439666882,0.0641897290624911],"horizon_years":30,"ratio":2.9973135952320424,"regime":"arid_boundary","rerun_used":true,"runtime_class":"PASS","station_id":"nv262631"},{"candidate_identity":"84c8546cf0d31201dd79795bad9490a9874c215c45e821c21271e8e7e3f0fdb8","candidate_mad_over_median":0.0015606128089559596,"candidate_median_seconds":0.5622569965198636,"candidate_repeat_counts":[2,2,2,2,2,2,2,2,2],"candidate_samples_seconds":[0.5625323185231537,0.5606808980228379,0.5612948220223188,0.5620328889926895,0.5618094310630113,0.5639563179574907,0.5631344619905576,0.5632307959022,0.5622569965198636],"complete":true,"discarded_contaminated_trial_indices":[],"faithful_identity":"e8cdc9be3aa62b57e70a58209a22fb983cc2c594e17f4c8c8dd4c6bf20f2a10c","faithful_mad_over_median":0.06234503028148632,"faithful_median_seconds":0.15839812442261195,"faithful_repeat_counts":[7,5,7,6,7,7,6,7,7],"faithful_samples_seconds":[0.14737961943527417,0.2316599301993847,0.14852278855895357,0.183092798339203,0.1596888163060482,0.15839812442261195,0.16838217751743892,0.14908194971004768,0.149003650560709],"horizon_years":100,"ratio":3.549644281265235,"regime":"arid_boundary","rerun_used":false,"runtime_class":"PASS","station_id":"nv262631"},{"candidate_identity":"bc04a3f8fc88ef0f10a2c4270471c540a9de4c2ec0a8b913a6293e086ce64ab6","candidate_mad_over_median":0.0010247369828907033,"candidate_median_seconds":0.16878798285809657,"candidate_repeat_counts":[6,6,6,6,6,6,6,6,6],"candidate_samples_seconds":[0.16896094614639878,0.16856958367861807,0.1684099604996542,0.16850828616103777,0.1688114343366275,0.16864482297872505,0.16886103715902814,0.1692005938384682,0.16878798285809657],"complete":true,"discarded_contaminated_trial_indices":[],"faithful_identity":"3402b7c05cef531ac9d33aea67774c4d10ed1a336d7aa77daae31deb862c52a8","faithful_mad_over_median":0.055237590846448116,"faithful_median_seconds":0.06351413625816349,"faithful_repeat_counts":[17,14,16,16,18,14,16,15,17],"faithful_samples_seconds":[0.059458376415183437,0.07151566084939986,0.06351413625816349,0.06286705324600916,0.05814714477552722,0.07460428278760187,0.06574706432002131,0.06702250412975748,0.060230261358596826],"horizon_years":30,"ratio":2.6574868651607018,"regime":"monsoonal_transition","rerun_used":false,"runtime_class":"PASS","station_id":"az028820"},{"candidate_identity":"931d05dcddf184b7ad53aa0dd6874611ef95f725914d563527ea4b6348b02128","candidate_mad_over_median":0.0007464336686445705,"candidate_median_seconds":0.5624148884089664,"candidate_repeat_counts":[2,2,2,2,2,2,2,2,2],"candidate_samples_seconds":[0.5606581665342674,0.5624148884089664,0.5620801820186898,0.56359076150693,0.5619950830005109,0.5619750935584307,0.5627210605889559,0.5632347899954766,0.5625428730854765],"complete":true,"discarded_contaminated_trial_indices":[],"faithful_identity":"1f8daeb071ad453b776c21718725f244f46ee5ac8620ba32fb1c4efad1683bea","faithful_mad_over_median":0.0010873686679196781,"faithful_median_seconds":0.16329680868823612,"faithful_repeat_counts":[7,7,7,7,7,7,7,7,7],"faithful_samples_seconds":[0.16329680868823612,0.16249914257787168,0.16448694241366216,0.16311924485489726,0.16434554113740368,0.16330081443967565,0.16331014156873738,0.16327504185028374,0.16287646445977902],"horizon_years":100,"ratio":3.444126636196061,"regime":"monsoonal_transition","rerun_used":false,"runtime_class":"PASS","station_id":"az028820"},{"candidate_identity":"ffe5cc7f1677a4780e81c3157b84425798777105ac6e9002d66802c09956927c","candidate_mad_over_median":0.0006234705913221728,"candidate_median_seconds":0.16882468096446246,"candidate_repeat_counts":[6,6,6,6,6,6,6,6,6],"candidate_samples_seconds":[0.16841136501170695,0.1689496311591938,0.16885921882931143,0.16888599683685848,0.16850575082935393,0.16892993818813315,0.16863604619478187,0.16882468096446246,0.16878029447980225],"complete":true,"discarded_contaminated_trial_indices":[],"faithful_identity":"26d55e2f903301eb97a0f9badedd2d8342261d823ec2494cebef7ebdd560b460","faithful_mad_over_median":0.047798705276769556,"faithful_median_seconds":0.051818260853178796,"faithful_repeat_counts":[16,21,19,19,20,20,20,21,21],"faithful_samples_seconds":[0.0694079233071534,0.04883840747754134,0.056245514154924375,0.054295106631654655,0.051818260853178796,0.05018476145341992,0.05219747645314783,0.04846619648326721,0.05023953324139473],"horizon_years":30,"ratio":3.258015189718701,"regime":"non_monsoonal_semi_arid","rerun_used":false,"runtime_class":"PASS","station_id":"id101022"},{"candidate_identity":"ce82f255a44eb5c21b979e7691c2bcd6d9750c941bc756e3fbd0ffd31c2b61a8","candidate_mad_over_median":0.0005001957594873705,"candidate_median_seconds":0.5619090785039589,"candidate_repeat_counts":[2,2,2,2,2,2,2,2,2],"candidate_samples_seconds":[0.5616862809984013,0.5621605159249157,0.5620549119776115,0.5614943030523136,0.5619090785039589,0.562190143042244,0.5610275090439245,0.5622724610147998,0.5606781725073233],"complete":true,"discarded_contaminated_trial_indices":[],