{"minimum_timed_seconds":1.0,"rows":[{"candidate_identity":"b5af8e615ba1c02157fe7c6516afceb0546d99402148c4b81c0d7ed4a7ba7999","candidate_mad_over_median":0.0002954417257486831,"candidate_median_seconds":0.16905788083871204,"candidate_repeat_counts":[6,6,6,6,6,6,6,6],"candidate_samples_seconds":[0.1691431728346894,0.16869450748587647,0.169068302338322,0.16838127630762756,0.1690580991950507,0.16905766248237342,0.16945068165659904,0.1690432793305566],"complete":true,"discarded_contaminated_trial_indices":[1],"faithful_identity":"d57be81408ef8f09d2a1d10113ee695e5e7588976009d776cb0ae0e4f351f905","faithful_mad_over_median":0.0836289738539347,"faithful_median_seconds":0.06991522692883986,"faithful_repeat_counts":[14,16,16,13,16,11,14,16],"faithful_samples_seconds":[0.07359363742372287,0.06623681643395685,0.0626190786861116,0.07735446206508921,0.06346530150040053,0.09611214472996918,0.07417215077605631,0.06467127498763148],"horizon_years":30,"ratio":2.41804093707341,"regime":"hot_arid","rerun_used":true,"runtime_class":"PASS","station_id":"az026481"},{"candidate_identity":"bec20708b4d5ecb0896cb884a4ebf6078c8d256b8c1be3e54e4af6879d8fcf64","candidate_mad_over_median":0.0012947470005327903,"candidate_median_seconds":0.5629729429492727,"candidate_repeat_counts":[2,2,2,2,2,2,2,2,2],"candidate_samples_seconds":[0.5635950164869428,0.5634645930258557,0.5624708784744143,0.5622168560512364,0.5605329289101064,0.5637033300008625,0.5629729429492727,0.5637018504785374,0.5621085419552401],"complete":true,"discarded_contaminated_trial_indices":[],"faithful_identity":"ca0bacacab212cd64946dd2e6f10025ddc7953ff79f6f91c711401ecb7d42ba9","faithful_mad_over_median":0.0030384575785264755,"faithful_median_seconds":0.170568879848967,"faithful_repeat_counts":[6,6,6,6,6,6,6,6,6],"faithful_samples_seconds":[0.17058049965028962,0.16934951615985483,0.170568879848967,0.17016662583531192,0.17157042596954852,0.16986891898947457,0.17108714615460485,0.17080296898105493,0.17003189050592482],"horizon_years":100,"ratio":3.3005607086577946,"regime":"hot_arid","rerun_used":false,"runtime_class":"PASS","station_id":"az026481"},{"candidate_identity":"c5871f4355075d370e839f26648f3026101b5ebcdde6c86a4d729f8220f001a7","candidate_mad_over_median":0.00034026783581209916,"candidate_median_seconds":0.16887040447909385,"candidate_repeat_counts":[6,6,6,6,6,6,6,6,6],"candidate_samples_seconds":[0.16910669366673878,0.16882392667078724,0.16858645749744028,0.16887040447909385,0.1686942963472878,0.16921997900741795,0.16887724950599173,0.16892786564615866,0.16883391646357873],"complete":true,"discarded_contaminated_trial_indices":[],"faithful_identity":"d2692dedcbc25c9905a03bf25751949d1de9806cae70127c2f60dd7932c4163c","faithful_mad_over_median":0.06254081039817601,"faithful_median_seconds":0.05648283388776084,"faithful_repeat_counts":[20,19,17,17,18,20,19,20,18],"faithful_samples_seconds":[0.050944552349392325,0.052677919316154564,0.059172175482244176,0.06121604100746267,0.05648283388776084,0.05050378704909235,0.05295035168283472,0.058562537841498855,0.056576139009040266],"horizon_years":30,"ratio":2.989765081806316,"regime":"arid_boundary","rerun_used":false,"runtime_class":"PASS","station_id":"nv262631"},{"candidate_identity":"e91ca01c81f6cd9fac2e1d0be70d715c50eccbe407b4ba28518b785222ebea4e","candidate_mad_over_median":0.0007801553203416585,"candidate_median_seconds":0.5632115909829736,"candidate_repeat_counts":[2,2,2,2,2,2,2,2,2],"candidate_samples_seconds":[0.5632115909829736,0.5616863965988159,0.5616303575225174,0.5628460795851424,0.5613555954769254,0.5634343505371362,0.5643498614663258,0.563650983502157,0.5634236359037459],"complete":true,"discarded_contaminated_trial_indices":[],"faithful_identity":"839bb41e6da7dfb6af86295683aa570866a3e9195897bed95a21d2522f2c2df3","faithful_mad_over_median":0.004730206221335223,"faithful_median_seconds":0.1474468495829829,"faithful_repeat_counts":[7,7,7,7,7,7,7,7,7],"faithful_samples_seconds":[0.1474468495829829,0.146753522567451,0.14904465413253223,0.1467493955777692,0.14729014843968408,0.14688039843791298,0.14850630671051995,0.1483869995655758,0.1484293732792139],"horizon_years":100,"ratio":3.8197600869457626,"regime":"arid_boundary","rerun_used":false,"runtime_class":"PASS","station_id":"nv262631"},{"candidate_identity":"5103ba82bd7a162a77c2a548bbf3494135db658fd975bac7ec5c7092ffbbdf2c","candidate_mad_over_median":0.0009551056548949259,"candidate_median_seconds":0.16901431698352098,"candidate_repeat_counts":[6,6,6,6,6,6,6,6,6],"candidate_samples_seconds":[0.16917574351343015,0.1688311471759031,0.16901431698352098,0.16873763982827464,0.16837067696421096,0.16907429633041224,0.1691118193169435,0.16931349384443214,0.1689335195114836],"complete":true,"discarded_contaminated_trial_indices":[],"faithful_identity":"b2b3f1366011d9421225ec6958735e335e73d74ec2658a30a4d1b34d469b7776","faithful_mad_over_median":0.0380094667300109,"faithful_median_seconds":0.0588642011725289,"faithful_repeat_counts":[11,18,16,17,18,18,18,18,15],"faithful_samples_seconds":[0.09436197128062221,0.058284961553807885,0.06475411643623374,0.0588642011725289,0.07272916560113016,0.05662680427647299,0.05680897467148801,0.05711200872125725,0.07053050906397403],"horizon_years":30,"ratio":2.8712581436066036,"regime":"monsoonal_transition","rerun_used":false,"runtime_class":"PASS","station_id":"az028820"},{"candidate_identity":"0106073b5bafab8cd5841278418ab584e4c6e6d14824fc8a076d344fa89fa6b7","candidate_mad_over_median":0.0011747862045218195,"candidate_median_seconds":0.5635437795426697,"candidate_repeat_counts":[2,2,2,2,2,2,2,2,2],"candidate_samples_seconds":[0.5642432675231248,0.5654100704705343,0.5635437795426697,0.5643253214657307,0.5633142869919538,0.5642058230005205,0.562896536081098,0.5634940399322659,0.562215008540079],"complete":true,"discarded_contaminated_trial_indices":[],"faithful_identity":"46fc16424a5015e63ed7e0f17c205fb7fbacbacd47c7404df655fe319b61aab6","faithful_mad_over_median":0.002318459018499449,"faithful_median_seconds":0.16338819671156152,"faithful_repeat_counts":[7,6,7,7,7,7,7,7,7],"faithful_samples_seconds":[0.16416451301691787,0.17521354098183414,0.16338819671156152,0.16300938787337924,0.1634582274460367,0.16235045470031245,0.16327634071266012,0.1637377559673041,0.16204820912597434],"horizon_years":100,"ratio":3.449109488230203,"regime":"monsoonal_transition","rerun_used":false,"runtime_class":"PASS","station_id":"az028820"},{"candidate_identity":"5ddadfe0fa9fed7a7d26b8788501937900461987b928e539b3b0d8c20fa8e7d7","candidate_mad_over_median":0.0006913337785798861,"candidate_median_seconds":0.1690351068197439,"candidate_repeat_counts":[6,6,6,6,6,6,6,6,6],"candidate_samples_seconds":[0.16845794615801424,0.16921598316791156,0.1688628401607275,0.16897706217908612,0.16904125665314496,0.1690351068197439,0.16879145750620714,0.16915196649885425,0.1690973638324067],"complete":true,"discarded_contaminated_trial_indices":[],"faithful_identity":"8ae0da199cd20fcb302ffcba92b93fb70c1e11961cbb3ca04e0dd55b428ea379","faithful_mad_over_median":0.030612109565521482,"faithful_median_seconds":0.05462704074421996,"faithful_repeat_counts":[18,19,19,18,19,19,20,18,21],"faithful_samples_seconds":[0.0567347964970395,0.05462704074421996,0.0551615146871068,0.05622499850061205,0.05337756584202381,0.05295479178771769,0.05017862805398181,0.05997785727959126,0.04784588595586164],"horizon_years":30,"ratio":3.094348595802883,"regime":"non_monsoonal_semi_arid","rerun_used":false,"runtime_class":"PASS","station_id":"id101022"},{"candidate_identity":"9ac5abb527a7b5a1d7ea28b948a8206966885f088f571beeefdaefb8982ab923","candidate_mad_over_median":0.00034338025961983367,"candidate_median_seconds":0.5625051334500313,"candidate_repeat_counts":[2,2,2,2,2,2,2,2,2],"candidate_samples_seconds":[0.5616659874795005,0.5637007709592581,0.5626982866087928,0.5631712964968756,0.5624891340266913,0.5625051334500313,0.562472224002704,0.5625134784495458,0.5622680659871548],"complete":true,"discarded_contaminated_trial_indices":[],