{"minimum_timed_seconds":1.0,"rows":[{"candidate_identity":"83756986db94ec262e1aa836f6ae5f15b8e9ca29c59e859b330bd66c242c9cd6","candidate_mad_over_median":0.0006110995194940045,"candidate_median_seconds":0.18751250913677117,"candidate_repeat_counts":[6,6,6,6,6,6,6,6,6],"candidate_samples_seconds":[0.18739792033253858,0.1880119958271583,0.18751250913677117,0.1879325433401391,0.18741512182168663,0.1872651200198258,0.1875039575000604,0.18788489051318416,0.18755082366988063],"complete":true,"discarded_contaminated_trial_indices":[],"faithful_identity":"242761b8f807fbd122ff9f55b2fcce30fb0ac935e0328a56ecf05b1eeba0c94e","faithful_mad_over_median":0.0026571840683737064,"faithful_median_seconds":0.057453536273290716,"faithful_repeat_counts":[18,18,18,18,18,18,18,18,18],"faithful_samples_seconds":[0.05786546271863497,0.058704066607687205,0.057453536273290716,0.057201482666035496,0.057606200894547835,0.05735167894615895,0.05795112799387425,0.05735540171412544,0.057369127662645444],"horizon_years":30,"ratio":3.263724416280063,"regime":"hot_arid","rerun_used":false,"runtime_class":"PASS","station_id":"az026481"},{"candidate_identity":"423d930b5abb685ffb532acc8cb17ee52cde9b9472b88b33255eeb89a6d6b79d","candidate_mad_over_median":0.0020584084178519577,"candidate_median_seconds":0.624561688513495,"candidate_repeat_counts":[2,2,2,2,2,2,2,2,2],"candidate_samples_seconds":[0.6249959639972076,0.6270286935614422,0.6265558729646727,0.624561688513495,0.6234729790594429,0.6226146024418995,0.6244612640002742,0.6268041004659608,0.623276085476391],"complete":true,"discarded_contaminated_trial_indices":[],"faithful_identity":"b47af6fc032c0a06558381b1a8580d6624fb45b472127d9df3e8da3873573b22","faithful_mad_over_median":0.004180953699117399,"faithful_median_seconds":0.17107687832321972,"faithful_repeat_counts":[6,6,6,6,6,6,6,6,6],"faithful_samples_seconds":[0.171253058166864,0.17025206331163645,0.17119250217607865,0.17179214283047864,0.17107687832321972,0.16985951884028813,0.16993376383713135,0.16946274868678302,0.1716291573441898],"horizon_years":100,"ratio":3.6507662206314953,"regime":"hot_arid","rerun_used":false,"runtime_class":"PASS","station_id":"az026481"},{"candidate_identity":"4c998b0ebcec390f299ed926e0658c7ac8524051059d29763695c33c4aedbff2","candidate_mad_over_median":0.0006791943436706134,"candidate_median_seconds":0.1875315276750674,"candidate_repeat_counts":[6,6,6,6,6,6,6,6,6],"candidate_samples_seconds":[0.1874234921609362,0.18750010465737432,0.18817518632082889,0.18739418235297003,0.1875315276750674,0.1879068654961884,0.18740415732221058,0.18814142836102596,0.18765243965511522],"complete":true,"discarded_contaminated_trial_indices":[],"faithful_identity":"92a4da53643c7ca14ca524a57aaa01bab95a4f0dc3e09f48f813aa85e2fa1880","faithful_mad_over_median":0.0009646552898719842,"faithful_median_seconds":0.050435163651127365,"faithful_repeat_counts":[20,20,20,20,20,20,20,20,20],"faithful_samples_seconds":[0.050386511103715746,0.050407362449914214,0.050721915357280524,0.05054443505359814,0.05040183399105445,0.05042324879905209,0.05072668225038797,0.050435163651127365,0.050506250956095754],"horizon_years":30,"ratio":3.7182694393988656,"regime":"arid_boundary","rerun_used":false,"runtime_class":"PASS","station_id":"nv262631"},{"candidate_identity":"d55da2dba18cb46a80d32300fadc483a92a8ecf0b9457a9dd865f7a6e33eb367","candidate_mad_over_median":0.0016508759369425286,"candidate_median_seconds":0.6247831805376336,"candidate_repeat_counts":[2,2,2,2,2,2,2,2,2],"candidate_samples_seconds":[0.6234223439823836,0.6239450640277937,0.6247831805376336,0.6235224879346788,0.6268689200514928,0.6235072235576808,0.624859364470467,0.6258146200561896,0.6253947945078835],"complete":true,"discarded_contaminated_trial_indices":[],"faithful_identity":"fbe14f99cdaca65aa98ed1aa18ba45e06a1b97b1551823562285a2ccbf2682fc","faithful_mad_over_median":0.002611494369016942,"faithful_median_seconds":0.1483979534158217,"faithful_repeat_counts":[7,7,7,7,7,7,7,7,7],"faithful_samples_seconds":[0.1477035674199994,0.14777266257442534,0.14891938100169813,0.1483979534158217,0.15100221468933991,0.14844750283685113,0.14801041299610265,0.14873722159037633,0.14825955056585371],"horizon_years":100,"ratio":4.210187311592811,"regime":"arid_boundary","rerun_used":false,"runtime_class":"PASS","station_id":"nv262631"},{"candidate_identity":"060239a40c05d5861156b6bb1303afa11cc4392896ae16f154ea0d363bcf090b","candidate_mad_over_median":0.0004211061081231614,"candidate_median_seconds":0.1876783495148023,"candidate_repeat_counts":[6,6,6,6,6,6,6,6,6],"candidate_samples_seconds":[0.18752599115638682,0.18759931701545915,0.18774428051741174,0.18799298147981366,0.18766835300872722,0.18767481801720956,0.18786975434826067,0.1876783495148023,0.1882717206608504],"complete":true,"discarded_contaminated_trial_indices":[],"faithful_identity":"1308d1be2bb0e8721aecc280b87e53d244cd827edc75b0f1991202f528191ea0","faithful_mad_over_median":0.0015227441815072497,"faithful_median_seconds":0.05618547394664751,"faithful_repeat_counts":[18,18,18,18,18,18,18,18,18],"faithful_samples_seconds":[0.05651113322366857,0.05613593144031862,0.05626234350105127,0.05596868916311198,0.056271030050184995,0.05641267310258829,0.05595561204892066,0.05617453050540967,0.05618547394664751],"horizon_years":30,"ratio":3.3403357902260917,"regime":"monsoonal_transition","rerun_used":false,"runtime_class":"PASS","station_id":"az028820"},{"candidate_identity":"9b9b5f5ca6f546db711bd2c81d65aa0202e9ffd6a6e8a281111b0fdb4e855a8d","candidate_mad_over_median":0.0010365254946331315,"candidate_median_seconds":0.6236113755730912,"candidate_repeat_counts":[2,2,2,2,2,2,2,2,2],"candidate_samples_seconds":[0.6238324680598453,0.6258187685161829,0.6239039824577048,0.6229649864835665,0.6229374019894749,0.6273691925453022,0.6236113755730912,0.623595725512132,0.6226861739996821],"complete":true,"discarded_contaminated_trial_indices":[],"faithful_identity":"d3ded35ac61f46caf2e706169b301cd948a9366bf21d7e4b3fece43972cb535d","faithful_mad_over_median":0.0013661491351036924,"faithful_median_seconds":0.163157776729869,"faithful_repeat_counts":[7,7,7,7,7,7,7,7,7],"faithful_samples_seconds":[0.16318210799779212,0.16292650485411286,0.16302682083499218,0.16292964627168008,0.16300324413792364,0.1651574583125434,0.163157776729869,0.16338067458543395,0.16364266626935983],"horizon_years":100,"ratio":3.8221370018149297,"regime":"monsoonal_transition","rerun_used":false,"runtime_class":"PASS","station_id":"az028820"},{"candidate_identity":"d677efe427fdca9ef6a5ae8fdc7c6d6bb3aa286db3edebc90a1499a3ebea050a","candidate_mad_over_median":0.0003383910761688371,"candidate_median_seconds":0.18729611517240605,"candidate_repeat_counts":[6,6,6,6,6,6,6,6,6],"candidate_samples_seconds":[0.18723273583843061,0.18738114934725067,0.18708411049252996,0.18727617532325289,0.18741385883186013,0.18731518648564816,0.1872796070141097,0.18729611517240605,0.18740587568997094],"complete":true,"discarded_contaminated_trial_indices":[],"faithful_identity":"c4a84eb0e7c386261070beca0d65d587070c65a11bb84e1306564facf54b8672","faithful_mad_over_median":0.0031196372040190163,"faithful_median_seconds":0.04764914367392305,"faithful_repeat_counts":[21,22,21,22,21,21,21,21,21],"faithful_samples_seconds":[0.04777074676184427,0.047431574541736736,0.04763809570466124,0.04740600658326664,0.04799257166728023,0.04763896952915404,0.04764914367392305,0.04808294366202539,0.047797791715267865],"horizon_years":30,"ratio":3.930734127230656,"regime":"non_monsoonal_semi_arid","rerun_used":false,"runtime_class":"PASS","station_id":"id101022"},{"candidate_identity":"2b75bdbbda3ae5110b3b20f0164745b55cd432cf2d5e409643dfac291047a39e","candidate_mad_over_median":0.0005323457508473021,"candidate_median_seconds":0.6227371734566987,"candidate_repeat_counts":[2,2,2,2,2,2,2,2,2],"candidate_samples_seconds":[0.6226689794566482,0.622970036463812,0.6238859120057896,0.6224056619685143,0.6225913650123402,0.6227371734566987,0.6218080184189603,0.6232840109150857,0.623533888021484],