{"minimum_timed_seconds":1.0,"rows":[{"candidate_identity":"d60e0dc956012d9e0caba7e4feee155677bbebf2b161422be13724c003083f59","candidate_mad_over_median":0.0006932755027999589,"candidate_median_seconds":0.1693634391995147,"candidate_repeat_counts":[6,6,6,6,6,6,6,6,6],"candidate_samples_seconds":[0.1696952493318046,0.1693634391995147,0.1696861310241123,0.16929230485887578,0.1691763409956669,0.169945786978739,0.16928347669697055,0.16945713149228445,0.1692460236760477],"complete":true,"discarded_contaminated_trial_indices":[],"faithful_identity":"85134c458c28c8549e959040dc88309c1e92bd717c9bac3c6a03533935b6240d","faithful_mad_over_median":0.002233708716162081,"faithful_median_seconds":0.05751043166189144,"faithful_repeat_counts":[18,18,18,18,18,18,18,18,18],"faithful_samples_seconds":[0.05752129045625528,0.05709868238773197,0.05751043166189144,0.056783296555901565,0.05725351255387068,0.057010460450934865,0.05763889321436485,0.05759079482716819,0.05758568433682538],"horizon_years":30,"ratio":2.944916849089506,"regime":"hot_arid","rerun_used":false,"runtime_class":"PASS","station_id":"az026481"},{"candidate_identity":"9e8bbb1183df690e01eca236d4431fe6c883d315bb71541558cbd7a7d55826d8","candidate_mad_over_median":0.001015526576766426,"candidate_median_seconds":0.5644106154795736,"candidate_repeat_counts":[2,2,2,2,2,2,2,2,2],"candidate_samples_seconds":[0.5644106154795736,0.5645097449887544,0.5648984010331333,0.566367816994898,0.563739831908606,0.563837441499345,0.5637719014193863,0.5646283184178174,0.563291811500676],"complete":true,"discarded_contaminated_trial_indices":[],"faithful_identity":"beb098b5a315d2b47552fe260d5e00e7db706e6cedab4c9e27b172835e65c7ba","faithful_mad_over_median":0.0036333030938771184,"faithful_median_seconds":0.1699805048216755,"faithful_repeat_counts":[6,6,6,6,6,6,6,6,6],"faithful_samples_seconds":[0.17157707600078234,0.16973305400460958,0.1705980955157429,0.16946920981475463,0.17191440615958223,0.16924711200408638,0.1715107816659535,0.16940082729949305,0.1699805048216755],"horizon_years":100,"ratio":3.3204432241902677,"regime":"hot_arid","rerun_used":false,"runtime_class":"PASS","station_id":"az026481"},{"candidate_identity":"88caa0c061b34b5b6a7e1e2dffe325f06b56c71edb2bc47287809efc1c948645","candidate_mad_over_median":0.0005040997484546624,"candidate_median_seconds":0.16952728934120387,"candidate_repeat_counts":[6,6,6,6,6,6,6,6,6],"candidate_samples_seconds":[0.16985952264318863,0.16952728934120387,0.16941980986545482,0.16949860084181032,0.16950923899033418,0.16968230231820294,0.16961274800511697,0.16949245248300335,0.16985198886444172],"complete":true,"discarded_contaminated_trial_indices":[],"faithful_identity":"4d2638b5a5304720744d8d2e579b5d370c01deac2f4b716da9b30c9945ad261f","faithful_mad_over_median":0.0012135237493218736,"faithful_median_seconds":0.05047481540823355,"faithful_repeat_counts":[20,20,20,20,20,20,20,20,20],"faithful_samples_seconds":[0.05071973514277488,0.050508003658615054,0.05132571159629151,0.05045054265065119,0.05047481540823355,0.05006077250000089,0.050388452247716486,0.050425726443063465,0.05053606779547408],"horizon_years":30,"ratio":3.358651001892525,"regime":"arid_boundary","rerun_used":false,"runtime_class":"PASS","station_id":"nv262631"},{"candidate_identity":"9358010c7712eb2943725211b1e73b3b97df2404888e6f9d71be505be554b8ee","candidate_mad_over_median":0.0005317370510717305,"candidate_median_seconds":0.5648234590189531,"candidate_repeat_counts":[2,2,2,2,2,2,2,2,2],"candidate_samples_seconds":[0.5648234590189531,0.5654575926018879,0.5650088420370594,0.5645231214584783,0.5647039950126782,0.5642612745286897,0.5645014414330944,0.5651087809819728,0.5669318030122668],"complete":true,"discarded_contaminated_trial_indices":[],"faithful_identity":"d1a022cc51c45a7d190c723f7e199456a8bbd2eadfd09320f7c9da563661cd11","faithful_mad_over_median":0.003632304486863453,"faithful_median_seconds":0.14797582859838648,"faithful_repeat_counts":[7,7,7,7,7,7,7,7,7],"faithful_samples_seconds":[0.147552895426218,0.14715808799623378,0.14797582859838648,0.14708516301055038,0.14874999085441232,0.14747044770047069,0.14851332186455174,0.14858155813999474,0.14834408784684325],"horizon_years":100,"ratio":3.8169981163066247,"regime":"arid_boundary","rerun_used":false,"runtime_class":"PASS","station_id":"nv262631"},{"candidate_identity":"f9a3978760d4281104e912e08ad12f442ffd1b38a2f4dcd510cd51a026ecc8d2","candidate_mad_over_median":0.0005265003325182027,"candidate_median_seconds":0.16992196650244296,"candidate_repeat_counts":[6,6,6,6,6,6,6,6,6],"candidate_samples_seconds":[0.16944433469325304,0.16980025952216238,0.16984898402976492,0.17006210850862166,0.16994729300495237,0.16999928082805127,0.16983250253057727,0.1701283996614317,0.16992196650244296],"complete":true,"discarded_contaminated_trial_indices":[],"faithful_identity":"f53e31aa0c04252493edef7bc5d8ea56da1f8d92c6f14860262f3023c3865016","faithful_mad_over_median":0.001454891899372844,"faithful_median_seconds":0.05616896961712175,"faithful_repeat_counts":[18,18,18,18,18,18,18,18,18],"faithful_samples_seconds":[0.05616896961712175,0.05625068939601382,0.0561443181682585,0.056229374604299664,0.056244415554424956,0.055899586722565196,0.05644848522367991,0.05600822782920053,0.05601314117666334],"horizon_years":30,"ratio":3.0251928718066847,"regime":"monsoonal_transition","rerun_used":false,"runtime_class":"PASS","station_id":"az028820"},{"candidate_identity":"c0f1763811007d35037934095c482280f98b93f7f838038aa09be25670c36450","candidate_mad_over_median":0.0008260372497032195,"candidate_median_seconds":0.5644668025197461,"candidate_repeat_counts":[2,2,2,2,2,2,2,2,2],"candidate_samples_seconds":[0.5644668025197461,0.5664161830209196,0.5640005319146439,0.5674617815529928,0.5646596525330096,0.5651555075310171,0.5640423884615302,0.564050363493152,0.5636152134975418],"complete":true,"discarded_contaminated_trial_indices":[],"faithful_identity":"1b5043dce691fbb7ce5f096da29dd82387905c5d097e8c8a25e0ff73f2a0f83a","faithful_mad_over_median":0.0032674043486517162,"faithful_median_seconds":0.16308821315344954,"faithful_repeat_counts":[7,7,7,7,7,7,7,7,7],"faithful_samples_seconds":[0.16255533801657812,0.16256621087502157,0.16473173100634345,0.16371359672796512,0.16315038256081088,0.16308821315344954,0.16379137756302953,0.16236914458152438,0.16298405985747064],"horizon_years":100,"ratio":3.461113415894991,"regime":"monsoonal_transition","rerun_used":false,"runtime_class":"PASS","station_id":"az028820"},{"candidate_identity":"18ffcf64767e10090a81a586d19b152691aa2822a8961f1b1905b2b99523dfbf","candidate_mad_over_median":0.0005235538116198896,"candidate_median_seconds":0.1695670411378766,"candidate_repeat_counts":[6,6,6,6,6,6,6,6,6],"candidate_samples_seconds":[0.1695797893529137,0.1694495506817475,0.16947826366716376,0.16966666684796414,0.16963752533774823,0.16948648515002182,0.1695670411378766,0.16970737798449895,0.16937984452427676],"complete":true,"discarded_contaminated_trial_indices":[],"faithful_identity":"5e14c91619dabc74d2d52a708da51eac51e93c4356c43b01bade051e78a389e7","faithful_mad_over_median":0.023603707891940284,"faithful_median_seconds":0.060606303939814955,"faithful_repeat_counts":[17,17,17,17,17,17,18,16,17],"faithful_samples_seconds":[0.05982187471133383,0.06233887893476469,0.06027396553305581,0.06348587211002321,0.060606303939814955,0.06305097711875159,0.059175770445209414,0.0650154998729704,0.060217303114340585],"horizon_years":30,"ratio":2.7978449454080723,"regime":"non_monsoonal_semi_arid","rerun_used":false,"runtime_class":"PASS","station_id":"id101022"},{"candidate_identity":"187a701cdf0107615fd9a42eacce3fa9f92e1b8b5df2a8f1e3390b75e01f6658","candidate_mad_over_median":0.0006716285348630035,"candidate_median_seconds":0.5655670535052195,"candidate_repeat_counts":[2,2,2,2,2,2,2,2,2],"candidate_samples_seconds":[0.5655918429838493,0.5655641735065728,0.5684667595196515,0.564968969556503,0.5656133280135691,0.5655670535052195,0.564737441483885,0.565187202533707,0.5661202179035172],