{"minimum_timed_seconds":1.0,"rows":[{"candidate_identity":"d974e8150ea0e498493542dff17cae26b1c6e9c4e6b3cd4ae396bcc0cdf0e098","candidate_mad_over_median":0.0007110551160445316,"candidate_median_seconds":0.16767353098839521,"candidate_repeat_counts":[6,6,6,6,6,6,6,6,6],"candidate_samples_seconds":[0.16741655580699444,0.1676988973437498,0.16809217251526812,0.16790187483032545,0.16755430586636066,0.16805973486043513,0.16759977536275983,0.16767353098839521,0.16755806565439949],"complete":true,"discarded_contaminated_trial_indices":[],"faithful_identity":"83602ff2bce874b87979a4c3fd12ea9a87307504be8dea987a0207a84bf9881c","faithful_mad_over_median":0.0028629087540149355,"faithful_median_seconds":0.05730040666336814,"faithful_repeat_counts":[18,18,18,18,18,18,18,18,18],"faithful_samples_seconds":[0.05819898911027445,0.057592105948262744,0.05820733850770113,0.05725569278001785,0.057807062713739775,0.05724118843985101,0.05730040666336814,0.05715021732935889,0.05713636082752297],"horizon_years":30,"ratio":2.9262188656610015,"regime":"hot_arid","rerun_used":false,"runtime_class":"PASS","station_id":"az026481"},{"candidate_identity":"2983c9d9358b6b670730c613d8e28ea86d5a5b2e71e269502f4cabb0ab31d88e","candidate_mad_over_median":0.0007924892866552911,"candidate_median_seconds":0.5586882809875533,"candidate_repeat_counts":[2,2,2,2,2,2,2,2,2],"candidate_samples_seconds":[0.559101076098159,0.5596514095086604,0.5585459279827774,0.5614146629814059,0.5586883359355852,0.5586882809875533,0.5576394640374929,0.5579643545206636,0.5582455265102908],"complete":true,"discarded_contaminated_trial_indices":[],"faithful_identity":"d05e825a7e311b49c1444fec34d197a897e82c357bb5667da8eef12853bdb0eb","faithful_mad_over_median":0.004783057489690266,"faithful_median_seconds":0.17039417983808866,"faithful_repeat_counts":[6,6,6,6,6,6,6,6,6],"faithful_samples_seconds":[0.17068621617121002,0.1716606296831742,0.17317423115794858,0.16952272531731674,0.17026660634049526,0.1713356018299237,0.1696630803247293,0.16957917468001446,0.17039417983808866],"horizon_years":100,"ratio":3.2787990852646964,"regime":"hot_arid","rerun_used":false,"runtime_class":"PASS","station_id":"az026481"},{"candidate_identity":"acc00cba1c8ceb1bb3e559aaeff08b8a90c8dca1dd43062d3b78c13f64b3ff5e","candidate_mad_over_median":0.0002776619455773972,"candidate_median_seconds":0.16767878783866763,"candidate_repeat_counts":[6,6,6,6,6,6,6,6,6],"candidate_samples_seconds":[0.16831043168591955,0.16792989366998276,0.16792203699393818,0.1676889693674942,0.16767878783866763,0.1676489864864076,0.1673565028468147,0.16764601649871716,0.1676322298202043],"complete":true,"discarded_contaminated_trial_indices":[],"faithful_identity":"f1b32ffef5dcd1f07820e5a945faa9c193c8ec8610ac56af69507c16310b5048","faithful_mad_over_median":0.002152283242928624,"faithful_median_seconds":0.050323252647649495,"faithful_repeat_counts":[20,20,20,20,20,20,20,20,20],"faithful_samples_seconds":[0.05044737805146724,0.05032099555246532,0.050531878997571764,0.05029601890128106,0.050214942754246296,0.051033773296512666,0.050311256246641275,0.050323252647649495,0.050585916952695695],"horizon_years":30,"ratio":3.332033980647306,"regime":"arid_boundary","rerun_used":false,"runtime_class":"PASS","station_id":"nv262631"},{"candidate_identity":"84c8546cf0d31201dd79795bad9490a9874c215c45e821c21271e8e7e3f0fdb8","candidate_mad_over_median":0.0004654087964181266,"candidate_median_seconds":0.5583102270029485,"candidate_repeat_counts":[2,2,2,2,2,2,2,2,2],"candidate_samples_seconds":[0.5581752730067819,0.5590734489960596,0.5580503845121711,0.5592566269915551,0.5577472780132666,0.5587478575762361,0.5584691455587745,0.5583102270029485,0.5581719330511987],"complete":true,"discarded_contaminated_trial_indices":[],"faithful_identity":"eaf4643934fca02e3f6fae170b55892d4ff1179de1ac60e60c171985c8412296","faithful_mad_over_median":0.0031895863495473107,"faithful_median_seconds":0.14790659344622067,"faithful_repeat_counts":[7,7,7,7,7,7,7,7,7],"faithful_samples_seconds":[0.14837835429768478,0.14924519672058523,0.14777089625463954,0.14725666157236056,0.14821139170921274,0.14656857870120024,0.14879494842274912,0.14790659344622067,0.1478741681203246],"horizon_years":100,"ratio":3.774748738337699,"regime":"arid_boundary","rerun_used":false,"runtime_class":"PASS","station_id":"nv262631"},{"candidate_identity":"bc04a3f8fc88ef0f10a2c4270471c540a9de4c2ec0a8b913a6293e086ce64ab6","candidate_mad_over_median":0.0004885135261007495,"candidate_median_seconds":0.16769212433913103,"candidate_repeat_counts":[6,6,6,6,6,6,6,6,6],"candidate_samples_seconds":[0.1681312081636861,0.16769212433913103,0.1674955498504763,0.1676102044681708,0.16757202167840055,0.16776866601624837,0.1676145144738257,0.16781471549378088,0.16769726015627384],"complete":true,"discarded_contaminated_trial_indices":[],"faithful_identity":"b6c40ac1267a461388e19fd9bb1c7333bde8192522a15810994c9485b725c399","faithful_mad_over_median":0.003289743652585416,"faithful_median_seconds":0.05638180150546961,"faithful_repeat_counts":[18,18,18,18,18,18,18,18,18],"faithful_samples_seconds":[0.05672802622171326,0.05654406804953598,0.05630859933120923,0.05682708678715345,0.056468518269765705,0.05598997622210947,0.056157333116667964,0.05619631983184566,0.05638180150546961],"horizon_years":30,"ratio":2.9742243039691303,"regime":"monsoonal_transition","rerun_used":false,"runtime_class":"PASS","station_id":"az028820"},{"candidate_identity":"931d05dcddf184b7ad53aa0dd6874611ef95f725914d563527ea4b6348b02128","candidate_mad_over_median":0.0005211387409106168,"candidate_median_seconds":0.5583273470401764,"candidate_repeat_counts":[2,2,2,2,2,2,2,2,2],"candidate_samples_seconds":[0.5580064514651895,0.5587316625751555,0.5581181045854464,0.5580363810295239,0.5606845035217702,0.5583273470401764,0.5581906635779887,0.5585674945032224,0.5590910239843652],"complete":true,"discarded_contaminated_trial_indices":[],"faithful_identity":"ebfea1195ad4d05f6b5c0a20b809db87f4779765b0094cdfd7cd50be8b6134e4","faithful_mad_over_median":0.0014849032616313432,"faithful_median_seconds":0.1626531148462423,"faithful_repeat_counts":[7,7,7,7,7,7,7,7,7],"faithful_samples_seconds":[0.16271904114234662,0.1626531148462423,0.1618194832865681,0.16127548842424794,0.162698989567746,0.16163112243105257,0.16281256987713277,0.162894638986992,0.1618725012854806],"horizon_years":100,"ratio":3.4326262215634116,"regime":"monsoonal_transition","rerun_used":false,"runtime_class":"PASS","station_id":"az028820"},{"candidate_identity":"ffe5cc7f1677a4780e81c3157b84425798777105ac6e9002d66802c09956927c","candidate_mad_over_median":0.0006592672462277116,"candidate_median_seconds":0.16765663384770355,"candidate_repeat_counts":[6,6,6,6,6,6,6,6,6],"candidate_samples_seconds":[0.16765663384770355,0.16774988116230816,0.16776320582721382,0.16754610332039496,0.16753802669700235,0.1675034504927074,0.1673677168243254,0.1677438511978835,0.16792680598640194],"complete":true,"discarded_contaminated_trial_indices":[],"faithful_identity":"9c6ece1a391a2f8f136b697796931c32bc37cbc05888cc1abf6c2c18d692c0ec","faithful_mad_over_median":0.0018782218588857193,"faithful_median_seconds":0.04767829348288831,"faithful_repeat_counts":[22,21,21,22,22,21,21,22,21],"faithful_samples_seconds":[0.04737309662794525,0.04767829348288831,0.04821393727546647,0.04741799300113185,0.04759350295220925,0.04814836413909992,0.04771043499931693,0.047589480728757655,0.04776784389590224],"horizon_years":30,"ratio":3.516414317720397,"regime":"non_monsoonal_semi_arid","rerun_used":false,"runtime_class":"PASS","station_id":"id101022"},{"candidate_identity":"ce82f255a44eb5c21b979e7691c2bcd6d9750c941bc756e3fbd0ffd31c2b61a8","candidate_mad_over_median":0.0012010505892462468,"candidate_median_seconds":0.5592458270257339,"candidate_repeat_counts":[2,2,2,2,2,2,2,2,2],"candidate_samples_seconds":[0.5585741444956511,0.5586210989858955,0.5578953764634207,0.565602894523181,0.5628657540073618,0.5652181234909222,0.5596705480711535,0.5592458270257339,0.559225907898508],