{
  "affinity_before_pin": [
    0,
    1,
    2,
    3,
    32,
    33,
    34,
    35
  ],
  "affinity_used": [
    0
  ],
  "classification": "qualification-diagnostic-only",
  "minimum_timed_seconds": 1.0,
  "node_class": "node03",
  "rows": [
    {
      "candidate_identity": "1e7f0c6c60ebf6e557e5b361497a3223b3210601ec87d223ed1e052cbf20dfa6",
      "candidate_mad_over_median": 0.0006861016044740305,
      "candidate_median_seconds": 0.7770702014677227,
      "candidate_repeat_counts": [
        2,
        2,
        2,
        2,
        2,
        2,
        2,
        2,
        2
      ],
      "candidate_samples_seconds": [
        0.7770702014677227,
        0.7774116974323988,
        0.7756846115225926,
        0.7767974195303395,
        0.7780185504816473,
        0.7771443105302751,
        0.7761588615830988,
        0.7759554885560647,
        0.7776033505797386
      ],
      "complete": false,
      "faithful_identity": "2fa88b2bbc72683d6095f5230eae5b52261014c4f78a70d35058273ab294754c",
      "faithful_mad_over_median": 0.0010668546480039189,
      "faithful_median_seconds": 0.053210917002472435,
      "faithful_repeat_counts": [
        19,
        19,
        19,
        19,
        19,
        19,
        19,
        19,
        19
      ],
      "faithful_samples_seconds": [
        0.053210917002472435,
        0.0531541486883438,
        0.0534172121092285,
        0.05312700368660061,
        0.05323413942058228,
        0.05320935963505977,
        0.053213395374385936,
        0.053104615047279945,
        0.05328842511057461
      ],
      "horizon_years": 30,
      "ratio_diagnostic_only": 14.603585979012845,
      "regime": "hot_arid",
      "rerun_used": false,
      "station_id": "az026481"
    },
    {
      "candidate_identity": "5e33b6809b19572714cb91b243364cac97829f026ebebafbebeba63f5cd11b4d",
      "candidate_mad_over_median": 0.0002775869370720663,
      "candidate_median_seconds": 2.583702159114182,
      "candidate_repeat_counts": [
        1,
        1,
        1,
        1,
        1,
        1,
        1,
        1,
        1
      ],
      "candidate_samples_seconds": [
        2.5861687608994544,
        2.5812691550236195,
        2.584305133204907,
        2.589239619206637,
        2.5835878010839224,
        2.5834999207872897,
        2.594543483108282,
        2.582984957145527,
        2.583702159114182
      ],
      "complete": false,
      "faithful_identity": "4c783bc6ed677c70fc936ae9c35aa525549b02a822dcd6d240b2f843a4793c18",
      "faithful_mad_over_median": 0.0013991852263181305,
      "faithful_median_seconds": 0.1659396317055715,
      "faithful_repeat_counts": [
        7,
        7,
        7,
        7,
        7,
        7,
        7,
        7,
        7
      ],
      "faithful_samples_seconds": [
        0.16548973215477808,
        0.16637625841290823,
        0.16582380584441125,
        0.1659396317055715,
        0.165995678132666,
        0.1657074514244284,
        0.16600932816176542,
        0.16525297329228902,
        0.1662389185678746
      ],
      "horizon_years": 100,
      "ratio_diagnostic_only": 15.570133141541938,
      "regime": "hot_arid",
      "rerun_used": false,
      "station_id": "az026481"
    },
    {
      "candidate_identity": "bc393f4c694f2a5083098be7c832becc36f991377c379ca6cfbe11a24549e5d0",
      "candidate_mad_over_median": 0.0012010070559641654,
      "candidate_median_seconds": 0.7734716490376741,
      "candidate_repeat_counts": [
        2,
        2,
        2,
        2,
        2,
        2,
        2,
        2,
        2
      ],
      "candidate_samples_seconds": [
        0.7745793524663895,
        0.7743244600715116,
        0.774783130036667,
        0.7744005939457566,
        0.7730823784368113,
        0.7720821895636618,
        0.7725034995237365,
        0.7734716490376741,
        0.7731944575207308
      ],
      "complete": false,
      "faithful_identity": "cf0fb350d3e17396abbe9c3d9227e0ec2d514e4034d3256da90633bdd59fd857",
      "faithful_mad_over_median": 0.001723211519596323,
      "faithful_median_seconds": 0.046465323052623055,
      "faithful_repeat_counts": [
        22,
        22,
        22,
        22,
        22,
        22,
        22,
        22,
        22
      ],
      "faithful_samples_seconds": [
        0.04686770322520963,
        0.046312503326176244,
        0.046465323052623055,
        0.04638147163628177,
        0.046432507002133534,
        0.046556567498059434,
        0.046528865498575295,
        0.0465453926325691,
        0.0464083386415785
      ],
      "horizon_years": 30,
      "ratio_diagnostic_only": 16.646212664048402,
      "regime": "arid_boundary",
      "rerun_used": false,
      "station_id": "nv262631"
    },
    {
      "candidate_identity": "f20cf2a3df7fe2de71223f10fc9c6f81fe2cd29288b5c2039c82e67353eae2a2",
      "candidate_mad_over_median": 0.0013472726357454839,
      "candidate_median_seconds": 2.5724741748999804,
      "candidate_repeat_counts": [
        1,
        1,
        1,
        1,
        1,
        1,
        1,
        1,
        1
      ],
      "candidate_samples_seconds": [
        2.5807427160907537,
        2.5698597009759396,
        2.5666799519676715,
        2.5781560470350087,
        2.575939998961985,
        2.5724741748999804,
        2.575386265059933,
        2.5664994940161705,
        2.5693802549503744
      ],
      "complete": false,
      "faithful_identity": "ba283b252cc376005dc0f4378f4fb436b2b1f0537035eee8cef98e512e7bb989",
      "faithful_mad_over_median": 0.0016056041932210761,
      "faithful_median_seconds": 0.14298413644012595,
      "faithful_repeat_counts": [
        7,
        7,
        7,
        8,
        7,
        8,
        8,
        7,
        7
      ],
      "faithful_samples_seconds": [
        0.14411090214603714,
        0.14371141329008555,
        0.14298413644012595,
        0.14295855711679906,
        0.14331107885975922,
        0.1428146123944316,
        0.1427545605110936,
        0.14291561571215944,
        0.14342225342988968
      ],
      "horizon_years": 100,
      "ratio_diagnostic_only": 17.991325743868057,
      "regime": "arid_boundary",
      "rerun_used": false,
      "station_id": "nv262631"
    },
    {
      "candidate_identity": "0bbb8b102b58bc915ee63041707ebb48f9ca2bccc606441059c89bbb20989768",
      "candidate_mad_over_median": 0.0007566450823095171,
      "candidate_median_seconds": 0.772778590908274,
      "candidate_repeat_counts": [
        2,
        2,
        2,
        2,
        2,
        2,
        2,
        2,
        2
      ],
      "candidate_samples_seconds": [
        0.7719312245026231,
        0.7733633100287989,
        0.7731289875227958,
        0.772778590908274,
        0.7726097374688834,
        0.7738607949577272,
        0.7734190945047885,
        0.7724892490077764,
        0.7719536690274253
      ],
      "complete": false,
      "faithful_identity": "2b72b590e951864e47403859dad04e6d899822af87cd5c7d73e0b369b0f43ec6",
      "faithful_mad_over_median": 0.000664759400698035,
      "faithful_median_seconds": 0.052099458500742914,
      "faithful_repeat_counts": [
        20,
        20,
        20,
        20,
        20,
        20,
        20,
        20,
        20
      ],
      "faithful_samples_seconds": [
        0.05209142459789291,
        0.051969850342720746,
        0.052099458500742914,
        0.05206482489593327,
        0.05269904150627554,
        0.05210687544895336,
        0.0521468790480867,
        0.052082577196415514,
        0.052196015592198816
      ],
      "horizon_years": 30,
      "ratio_diagnostic_only": 14.832756676295485,
      "regime": "monsoonal_transition",
      "rerun_used": false,
      "station_id": "az028820"
    },
    {
      "candidate_identity": "1386a91d3e81247b31e02bd5ee72b00d949f89888cc919f3148f79c292800043",
      "candidate_mad_over_median": 0.000821085401890694,