{
  "schema_version": 1,
  "contract": "monte-carlo-contract.json",
  "climate_cli_sha256": "68f00b7d48d8fb2926f68d787b61ed72bb6c00c217af1ba3ff2395aa6df51897",
  "results": {
    "monthly_precipitation_target_mm": [38.19477611940298, 26.310166666666664, 36.261842105263156, 32.132530120481924, 40.36987301587302, 19.913600000000002, 6.40906976744186, 4.788243243243243, 10.981764705882355, 21.033287671232877, 28.936708860759488, 42.14905882352941],
    "monthly_precipitation_generated_mm": [39.188000000000116, 26.518000000000026, 35.49500000000014, 31.976000000000077, 41.61700000000009, 19.809999999999985, 6.413, 5.3890000000000065, 11.110999999999983, 20.53799999999998, 28.38500000000009, 40.33800000000013],
    "monthly_precipitation_relative_error": [0.02600418123913486, 0.0078993544954116, 0.02114735658042355, 0.004871391076112968, 0.03089251689339507, 0.005202474690664565, 0.000613229797888285, 0.12546496204103663, 0.011768171835661622, 0.02354780094175674, 0.019066054243216283, 0.04296795406777313],
    "monthly_tmax_absolute_error_c": [0.05797857939470852, 0.036469492373497836, 0.03898140068464073, 0.06255547078449553, 0.07531131933063406, 0.04450169542099047, 0.04801620188074196, 0.062129371342223294, 0.08220118679473387, 0.0701027558576186, 0.009477947319883384, 0.04152372134628379],
    "monthly_tmin_absolute_error_c": [0.06990723389109821, 0.024578962965434048, 0.03463731466313863, 0.015121713595920294, 0.019018684086406168, 0.023188380262583408, 0.019312421354367615, 0.04951305342915724, 0.05445530124236697, 0.049182287072616404, 0.009955046929254419, 0.020978960864431073]
  },
  "maxima": {
    "precipitation_relative_error": 0.12546496204103663,
    "tmax_absolute_error_c": 0.08220118679473387,
    "tmin_absolute_error_c": 0.06990723389109821
  },
  "decision": "PASS"
}
