{"minimum_timed_seconds":1.0,"rows":[{"candidate_identity":"3dc94a61a979d8ace6166e9013365f1bf914069f581ccec75f9a86d99c6e11d1","candidate_mad_over_median":0.0015388671068219072,"candidate_median_seconds":0.18234538733183095,"candidate_repeat_counts":[6,6,6,6,6,6,6,6,6],"candidate_samples_seconds":[0.18236211881351969,0.18269042717292905,0.18227710633073002,0.1822034956421703,0.1826259926504766,0.18234538733183095,0.18195835151709616,0.18341476117105535,0.1820530688467746],"complete":true,"discarded_contaminated_trial_indices":[],"faithful_identity":"3374105f97218cd2ea54fb1a1431bb691daf3ef534573c97599709dad1772b6f","faithful_mad_over_median":0.0024069098105411768,"faithful_median_seconds":0.057373794662352234,"faithful_repeat_counts":[18,18,18,18,18,18,18,18,18],"faithful_samples_seconds":[0.05765577338428961,0.057230895061770246,0.057235701113111444,0.057373794662352234,0.057429759103494384,0.057180028331155576,0.05739017228026771,0.057321587435176805,0.05817860182529936],"horizon_years":30,"ratio":3.1781998803625076,"regime":"hot_arid","rerun_used":false,"runtime_class":"PASS","station_id":"az026481"},{"candidate_identity":"ddfc9194bc3232b62e0f6866c5ae994112593db71859aaaa38de9f25e278303f","candidate_mad_over_median":0.001460758510742337,"candidate_median_seconds":0.6083490169839934,"candidate_repeat_counts":[2,2,2,2,2,2,2,2,2],"candidate_samples_seconds":[0.6086591189960018,0.6092376679880545,0.610913195530884,0.6083490169839934,0.607511101057753,0.6077152090147138,0.6065205165650696,0.6101355185965076,0.6068492829799652],"complete":true,"discarded_contaminated_trial_indices":[],"faithful_identity":"3c7d0c74c06793999e80d8318cc13065f9ccc4932d6720dc3830af099ac77bb5","faithful_mad_over_median":0.0028422038396431646,"faithful_median_seconds":0.170577133501259,"faithful_repeat_counts":[6,6,6,6,6,6,6,6,6],"faithful_samples_seconds":[0.17017829099980494,0.1710619484850516,0.1717701160038511,0.17106327352424464,0.17086412051382163,0.16990855215893438,0.1699868830231329,0.17034125417315713,0.170577133501259],"horizon_years":100,"ratio":3.5664159931466033,"regime":"hot_arid","rerun_used":false,"runtime_class":"PASS","station_id":"az026481"},{"candidate_identity":"1127b82ac15363172c2f344b6639691c6a901c6d9df0aef6e6614da8ed592b6f","candidate_mad_over_median":0.0006879089190188733,"candidate_median_seconds":0.1822969113321354,"candidate_repeat_counts":[6,6,6,6,6,6,6,6,6],"candidate_samples_seconds":[0.1822969113321354,0.18213901948183775,0.18220858718268573,0.18242231500335038,0.18222018036370477,0.18284574550731728,0.18288453835217902,0.18271753184186915,0.1822326093291243],"complete":true,"discarded_contaminated_trial_indices":[],"faithful_identity":"09cfb70dffe1be16c04fa3316e93d8eef9a57dd970376ba82edafd0285a10d4f","faithful_mad_over_median":0.00464331877091674,"faithful_median_seconds":0.050571811792906374,"faithful_repeat_counts":[20,20,20,20,20,20,20,20,20],"faithful_samples_seconds":[0.0502468072460033,0.0503369907499291,0.050571811792906374,0.05106489564059302,0.050554046442266555,0.05124819329939782,0.05060984295560047,0.050353869097307324,0.05103051975602284],"horizon_years":30,"ratio":3.6047138686398794,"regime":"arid_boundary","rerun_used":false,"runtime_class":"PASS","station_id":"nv262631"},{"candidate_identity":"b70b02ced2620f6a87cf9f7c41bc2edddc8102b73a04e8c1cc99a2cc55e1b95f","candidate_mad_over_median":0.000686183523051016,"candidate_median_seconds":0.6077025720151141,"candidate_repeat_counts":[2,2,2,2,2,2,2,2,2],"candidate_samples_seconds":[0.6079448694363236,0.6076650224858895,0.6072855765232816,0.6077025720151141,0.6070475040469319,0.6081787425791845,0.6098783640190959,0.6085808429634199,0.607470364542678],"complete":true,"discarded_contaminated_trial_indices":[],"faithful_identity":"5e80de6aa7aedac7726d2e08cebf7fc0f36e6f04fc8d1a14ae15e573c43e0862","faithful_mad_over_median":0.005223007798639959,"faithful_median_seconds":0.14831421041994222,"faithful_repeat_counts":[7,7,7,7,7,7,7,7,7],"faithful_samples_seconds":[0.14756018671739315,0.14943841715077205,0.1495679215794163,0.14912501759161906,0.14838908243525242,0.14721392457639532,0.14805252457569754,0.14831421041994222,0.14753956414226974],"horizon_years":100,"ratio":4.097399502680445,"regime":"arid_boundary","rerun_used":false,"runtime_class":"PASS","station_id":"nv262631"},{"candidate_identity":"f20c9505097a8a6ebcbee0b06a0545a02bbb655d8b7f0d003fe049b2d8f43dad","candidate_mad_over_median":0.0008557325165112144,"candidate_median_seconds":0.18208394933026284,"candidate_repeat_counts":[6,6,6,6,6,6,6,6,6],"candidate_samples_seconds":[0.18208394933026284,0.18228264048229903,0.18227557900051275,0.18208717935097715,0.18192813417408615,0.18194014582938203,0.1817741224852701,0.18208725765968362,0.18158573284745216],"complete":true,"discarded_contaminated_trial_indices":[],"faithful_identity":"d38f27b9dd96c0526dea87f03e67ebe201c48f47b4d0a90dbd6ee83fba71a119","faithful_mad_over_median":0.0007894651946193532,"faithful_median_seconds":0.056422999891866416,"faithful_repeat_counts":[18,18,18,18,18,18,18,18,18],"faithful_samples_seconds":[0.05641306271880037,0.05606684639739493,0.05653407705378615,0.05588501716394805,0.05646525610548755,0.056422999891866416,0.056581635442045,0.05646061282863633,0.056378455897275775],"horizon_years":30,"ratio":3.227122798844854,"regime":"monsoonal_transition","rerun_used":false,"runtime_class":"PASS","station_id":"az028820"},{"candidate_identity":"98e7eaba062bbc47e29705cdc651533f179e6ed917a7f07416fcd6c49fd588ef","candidate_mad_over_median":0.0009556739173821717,"candidate_median_seconds":0.6060791889904067,"candidate_repeat_counts":[2,2,2,2,2,2,2,2,2],"candidate_samples_seconds":[0.6058928410056978,0.6068089564796537,0.6061588729498908,0.6064152205362916,0.6060791889904067,0.6069126304937527,0.6054999749176204,0.6046854485757649,0.6037784409709275],"complete":true,"discarded_contaminated_trial_indices":[],"faithful_identity":"c264d291e560457838d0cf8f892401811ae369cc401929d8138642d63ba83de3","faithful_mad_over_median":0.006685074200196378,"faithful_median_seconds":0.1632714043038764,"faithful_repeat_counts":[7,7,7,7,7,7,7,7,7],"faithful_samples_seconds":[0.1632714043038764,0.16574905556626618,0.162485013982015,0.16217992285133473,0.16245742700994015,0.16442389942572586,0.16354998287611774,0.1618652432890875,0.16470036785384373],"horizon_years":100,"ratio":3.7120963807133562,"regime":"monsoonal_transition","rerun_used":false,"runtime_class":"PASS","station_id":"az028820"},{"candidate_identity":"334a4908feb257df246f8302391ef200eb4904dcd1b3b9a8ea1b23000237f1e4","candidate_mad_over_median":0.0003626742453793892,"candidate_median_seconds":0.18157468282151967,"candidate_repeat_counts":[6,6,6,6,6,6,6,6,6],"candidate_samples_seconds":[0.1814913204871118,0.1815945078075553,0.18157468282151967,0.18150883036044738,0.1814404126489535,0.181576061140125,0.18146397918462753,0.1820010201772675,0.18161335249897093],"complete":true,"discarded_contaminated_trial_indices":[],"faithful_identity":"1d465f2a34c647a96c63e38430715163adc48459f19c3b4775d5b26f68fed190","faithful_mad_over_median":0.016415361309903093,"faithful_median_seconds":0.0493247731854873,"faithful_repeat_counts":[21,21,21,21,21,21,20,21,20],"faithful_samples_seconds":[0.04787895351737028,0.04838991294881063,0.0493247731854873,0.04942649499779301,0.049047683709345404,0.04917786427817884,0.050134457158856095,0.05014750171851899,0.05185750969685614],"horizon_years":30,"ratio":3.6812066451619065,"regime":"non_monsoonal_semi_arid","rerun_used":false,"runtime_class":"PASS","station_id":"id101022"},{"candidate_identity":"ec9c9183a923eb51e21670bc4af3212bbaba7809fd8c586ec7b4748f27e21836","candidate_mad_over_median":0.0004893042944052138,"candidate_median_seconds":0.6050674288999289,"candidate_repeat_counts":[2,2,2,2,2,2,2,2,2],"candidate_samples_seconds":[0.6045596239855513,0.6050674288999289,0.6045917340088636,0.6053452659398317,0.6047218524618074,0.6051500129979104,0.6053634909912944,0.6054105604998767,0.6048975104931742],"complete":true,