{
  "affinity_before_pin": [
    0,
    1,
    2,
    3,
    32,
    33,
    34,
    35
  ],
  "affinity_used": [
    0
  ],
  "classification": "qualification-diagnostic-only",
  "minimum_timed_seconds": 1.0,
  "node_class": "node03",
  "rows": [
    {
      "candidate_identity": "1e7f0c6c60ebf6e557e5b361497a3223b3210601ec87d223ed1e052cbf20dfa6",
      "candidate_mad_over_median": 0.00197008158545208,
      "candidate_median_seconds": 0.8073767285095528,
      "candidate_repeat_counts": [
        2,
        2,
        2,
        2,
        2,
        2,
        2,
        2,
        2
      ],
      "candidate_samples_seconds": [
        0.808967326534912,
        0.8086210449691862,
        0.8085391960339621,
        0.8074073779862374,
        0.8073767285095528,
        0.8033105019712821,
        0.8018258980009705,
        0.8009264729917049,
        0.8009558279300109
      ],
      "complete": false,
      "faithful_identity": "6e4c549ce78f7627f4f0fb0d028867d19b17f7ba1f42284b3e1c0df26322d2e5",
      "faithful_mad_over_median": 0.001406002869570458,
      "faithful_median_seconds": 0.05356337599407293,
      "faithful_repeat_counts": [
        19,
        19,
        19,
        19,
        19,
        19,
        19,
        19,
        19
      ],
      "faithful_samples_seconds": [
        0.053735904628410935,
        0.05359805616746215,
        0.053346292471121014,
        0.053488065733721384,
        0.053670662737108375,
        0.053540211477267896,
        0.05356337599407293,
        0.053421480103248827,
        0.0535840137959703
      ],
      "horizon_years": 30,
      "ratio_diagnostic_only": 15.07329800494452,
      "regime": "hot_arid",
      "rerun_used": false,
      "station_id": "az026481"
    },
    {
      "candidate_identity": "5e33b6809b19572714cb91b243364cac97829f026ebebafbebeba63f5cd11b4d",
      "candidate_mad_over_median": 0.0015246110285884048,
      "candidate_median_seconds": 2.6543799450155348,
      "candidate_repeat_counts": [
        1,
        1,
        1,
        1,
        1,
        1,
        1,
        1,
        1
      ],
      "candidate_samples_seconds": [
        2.695562164997682,
        2.66409843089059,
        2.6653312081471086,
        2.6507819131948054,
        2.6438980968669057,
        2.6545401429757476,
        2.6543799450155348,
        2.6503330480773,
        2.653128198115155
      ],
      "complete": false,
      "faithful_identity": "b960b36c1f4af2f508357795fc99145e82a43b57960656e2c6b1141455a17504",
      "faithful_mad_over_median": 0.002654913991613489,
      "faithful_median_seconds": 0.16584492102265358,
      "faithful_repeat_counts": [
        7,
        7,
        7,
        7,
        7,
        6,
        7,
        7,
        6
      ],
      "faithful_samples_seconds": [
        0.16558620812637465,
        0.16496279612848802,
        0.1654156214291496,
        0.16584492102265358,
        0.16631429599198913,
        0.16839426069054753,
        0.16628522502391466,
        0.16577585457291985,
        0.16712292764956752
      ],
      "horizon_years": 100,
      "ratio_diagnostic_only": 16.005192855155087,
      "regime": "hot_arid",
      "rerun_used": false,
      "station_id": "az026481"
    },
    {
      "candidate_identity": "bc393f4c694f2a5083098be7c832becc36f991377c379ca6cfbe11a24549e5d0",
      "candidate_mad_over_median": 0.0009600567938543817,
      "candidate_median_seconds": 0.7951010175747797,
      "candidate_repeat_counts": [
        2,
        2,
        2,
        2,
        2,
        2,
        2,
        2,
        2
      ],
      "candidate_samples_seconds": [
        0.7941597874742001,
        0.7943376754410565,
        0.7945555080659688,
        0.7952414959436283,
        0.7951010175747797,
        0.7966106315143406,
        0.7948465549852699,
        0.7970764364581555,
        0.7970676240511239
      ],
      "complete": false,
      "faithful_identity": "9d8dcd4e30f4afa03b42b5e1ed5eb9ac8120ca1ad9518a21a1e581fa22abdae6",
      "faithful_mad_over_median": 0.0021947221287163363,
      "faithful_median_seconds": 0.04636590776499361,
      "faithful_repeat_counts": [
        22,
        22,
        22,
        22,
        22,
        22,
        22,
        22,
        22
      ],
      "faithful_samples_seconds": [
        0.04633866991339759,
        0.04646766804878346,
        0.046354529723017054,
        0.04636590776499361,
        0.04654570445630022,
        0.04616266721859574,
        0.04652965099508451,
        0.046134177087382836,
        0.04638955658513375
      ],
      "horizon_years": 30,
      "ratio_diagnostic_only": 17.14839751665734,
      "regime": "arid_boundary",
      "rerun_used": false,
      "station_id": "nv262631"
    },
    {
      "candidate_identity": "f20cf2a3df7fe2de71223f10fc9c6f81fe2cd29288b5c2039c82e67353eae2a2",
      "candidate_mad_over_median": 0.0029330906547973302,
      "candidate_median_seconds": 2.687233624048531,
      "candidate_repeat_counts": [
        1,
        1,
        1,
        1,
        1,
        1,
        1,
        1,
        1
      ],
      "candidate_samples_seconds": [
        2.65292210993357,
        2.652109678136185,
        2.6762419149745256,
        2.690745518077165,
        2.6952173840254545,
        2.6872055837884545,
        2.695115523878485,
        2.687233624048531,
        2.6910319360904396
      ],
      "complete": false,
      "faithful_identity": "0dc09877d32cfaba953391bd03c29295b246f2908f9e51be7e84dfbd0ce25736",
      "faithful_mad_over_median": 0.002896800264292836,
      "faithful_median_seconds": 0.1431688444489347,
      "faithful_repeat_counts": [
        7,
        7,
        7,
        7,
        8,
        8,
        7,
        8,
        7
      ],
      "faithful_samples_seconds": [
        0.1434696598444134,
        0.1435835759953729,
        0.14319486699865333,
        0.1429937634217952,
        0.14234964663046412,
        0.14236319524934515,
        0.1431688444489347,
        0.1426048364955932,
        0.14403808429571135
      ],
      "horizon_years": 100,
      "ratio_diagnostic_only": 18.769681590934475,
      "regime": "arid_boundary",
      "rerun_used": false,
      "station_id": "nv262631"
    },
    {
      "candidate_identity": "0bbb8b102b58bc915ee63041707ebb48f9ca2bccc606441059c89bbb20989768",
      "candidate_mad_over_median": 0.0007132703653474685,
      "candidate_median_seconds": 0.8075677790911868,
      "candidate_repeat_counts": [
        2,
        2,
        2,
        2,
        2,
        2,
        2,
        2,
        2
      ],
      "candidate_samples_seconds": [
        0.8068867459660396,
        0.8060990035301074,
        0.807754487497732,
        0.8080046094255522,
        0.8069917649263516,
        0.8075677790911868,
        0.8073437459534034,
        0.8081456730142236,
        0.8087871824391186
      ],
      "complete": false,
      "faithful_identity": "3fd519dc57b2908e54f5986a447e8bc6e669379d10a6f58e82e031ffe059828c",
      "faithful_mad_over_median": 0.0008387924793244339,
      "faithful_median_seconds": 0.05210018195211887,
      "faithful_repeat_counts": [
        20,
        20,
        20,
        20,
        20,
        20,
        20,
        20,
        20
      ],
      "faithful_samples_seconds": [
        0.05210018195211887,
        0.052069893304724245,
        0.05232033676002175,
        0.05197656570235267,
        0.05200542295351625,
        0.05233943754574284,
        0.0521153723471798,
        0.05207776769530028,
        0.052143883192911744
      ],
      "horizon_years": 30,
      "ratio_diagnostic_only": 15.500287116719823,
      "regime": "monsoonal_transition",
      "rerun_used": false,
      "station_id": "az028820"
    },
    {
      "candidate_identity": "1386a91d3e81247b31e02bd5ee72b00d949f89888cc919f3148f79c292800043",
      "candidate_mad_over_median": 0.002989042713099246,
      "candidate_median_seconds": 2.683882344979793,