{
  "cold_start_seconds": 1.3547739810310304,
  "cpu_peak_rss_bytes": 478150656,
  "export_bytes": 148482,
  "gpu_peak_bytes": 71663616,
  "projected_twelve_config_screen_gpu_hours": 0.018479534610329817,
  "resume_generation_benchmark_wall_seconds": 430.83628524816595,
  "train_wall_seconds": 5.543860383098945
}
