{"minimum_timed_seconds":1.0,"rows":[{"candidate_identity":"ada0cc6b93e052d0797526d03d2b3f9bb3876a15785c3571c59b7d39ddfdfea5","candidate_mad_over_median":0.00052480012942073,"candidate_median_seconds":0.17857406466888884,"candidate_repeat_counts":[6,6,6,6,6,6,6,6,6],"candidate_samples_seconds":[0.1784916955123966,0.1790293666611736,0.17857406466888884,0.17844249785412103,0.1789841253000001,0.1785396516788751,0.17848034897663942,0.17862074418614307,0.17899375699926168],"complete":true,"discarded_contaminated_trial_indices":[],"faithful_identity":"e4cb9a1c653046fb94e54c38bce50da4464f105c0d45e623b69fcc2bae38718e","faithful_mad_over_median":0.003921709512326002,"faithful_median_seconds":0.05732035528247555,"faithful_repeat_counts":[18,18,18,18,18,18,18,18,18],"faithful_samples_seconds":[0.057590815329199865,0.05709556149991436,0.05732035528247555,0.05731286704798953,0.057190760556194514,0.05748362916832169,0.057704199713447854,0.05704132094979286,0.05758266316519843],"horizon_years":30,"ratio":3.115369117809428,"regime":"hot_arid","rerun_used":false,"runtime_class":"PASS","station_id":"az026481"},{"candidate_identity":"347939b8ba426624170ddb72850966c0595a7c30e688c714f5cea1f433a3482b","candidate_mad_over_median":0.0018970432242677482,"candidate_median_seconds":0.596298216492869,"candidate_repeat_counts":[2,2,2,2,2,2,2,2,2],"candidate_samples_seconds":[0.5948249915381894,0.5955374195473269,0.5976824220269918,0.596298216492869,0.5944804199971259,0.5960785885108635,0.5968872400699183,0.5974294199841097,0.5983238954795524],"complete":true,"discarded_contaminated_trial_indices":[],"faithful_identity":"c199c8f17ca63a3dea2d8c75a70dde7c681e93d1ab6fc95aab6effea0ded716e","faithful_mad_over_median":0.00607616211887635,"faithful_median_seconds":0.17071263884038976,"faithful_repeat_counts":[6,6,6,6,6,6,6,6,6],"faithful_samples_seconds":[0.17071263884038976,0.16918987264701477,0.1725452533379818,0.16933512466493994,0.17074968852102757,0.17011741149084023,0.17416710332812121,0.17061474814545363,0.17174991650972515],"horizon_years":100,"ratio":3.4929939607481937,"regime":"hot_arid","rerun_used":false,"runtime_class":"PASS","station_id":"az026481"},{"candidate_identity":"e867ce29e61d70b3bee33ff1838c17bd2ee19beeb5577b9440161c6193d5870f","candidate_mad_over_median":0.0007406303198542474,"candidate_median_seconds":0.17864310066215694,"candidate_repeat_counts":[6,6,6,6,6,6,6,6,6],"candidate_samples_seconds":[0.17835323698818684,0.17857947635153928,0.17861914417395988,0.17872087649690607,0.17864310066215694,0.1787754091589401,0.17882940716420612,0.17908060430393866,0.17846321749190489],"complete":true,"discarded_contaminated_trial_indices":[],"faithful_identity":"90a6afefbe7b4fde5b9d3ec18abebd1653e099ca616adc00d748c109879c8428","faithful_mad_over_median":0.003625340454811258,"faithful_median_seconds":0.05067911865189671,"faithful_repeat_counts":[20,20,20,20,20,20,20,20,20],"faithful_samples_seconds":[0.05026455239858478,0.05021500239381567,0.05081827170215547,0.05086284771095961,0.05067911865189671,0.050612878799438474,0.05097732004942372,0.05058607410173863,0.05090266584884375],"horizon_years":30,"ratio":3.524984360703184,"regime":"arid_boundary","rerun_used":false,"runtime_class":"PASS","station_id":"nv262631"},{"candidate_identity":"1537db04b823675b5825a0e56f6fa63b46dee3e3633625f61f529f275e5f9432","candidate_mad_over_median":0.001013542669322815,"candidate_median_seconds":0.595587644027546,"candidate_repeat_counts":[2,2,2,2,2,2,2,2,2],"candidate_samples_seconds":[0.5950619640061632,0.5950178045313805,0.5948581059928983,0.595587644027546,0.5949535550316796,0.595756416907534,0.5970221790485084,0.5964282850036398,0.5961912975180894],"complete":true,"discarded_contaminated_trial_indices":[],"faithful_identity":"a7e03fed3e35699f51402407e8ae53b3a533d3e16fd67c8c0a273a32cb2ea5dd","faithful_mad_over_median":0.003859065290667153,"faithful_median_seconds":0.14752273371310107,"faithful_repeat_counts":[7,7,7,7,7,7,7,7,7],"faithful_samples_seconds":[0.14752273371310107,0.1500763461392905,0.14758351029429054,0.1469534338518445,0.1474638529720583,0.1462978606910578,0.14811542340820388,0.14691545441746712,0.14764687828054385],"horizon_years":100,"ratio":4.037260082136436,"regime":"arid_boundary","rerun_used":false,"runtime_class":"PASS","station_id":"nv262631"},{"candidate_identity":"5ee319f4ad2cf1a2d8ca6f033481b5e80fb8c109d062255bb8e41bff1891226a","candidate_mad_over_median":0.0005471975684741722,"candidate_median_seconds":0.17839571414515376,"candidate_repeat_counts":[6,6,6,6,6,6,6,6,6],"candidate_samples_seconds":[0.17838713813883564,0.1781386558432132,0.17856187835180512,0.17839571414515376,0.17854413983877748,0.1785071068443358,0.1784933318461602,0.17835192782028267,0.17838250748657933],"complete":true,"discarded_contaminated_trial_indices":[],"faithful_identity":"08df9c30cafad26529dc2b0e92e2f37acdeb7fb80aebb1bb66350bdc4c839313","faithful_mad_over_median":0.0031907389508547437,"faithful_median_seconds":0.05622222271954848,"faithful_repeat_counts":[18,18,18,18,18,18,18,18,18],"faithful_samples_seconds":[0.05622222271954848,0.056759254386027656,0.05624898821891596,0.056040507896492876,0.0562482148848681,0.05590470594405714,0.0562359766724209,0.056042832283613585,0.05597461604823669],"horizon_years":30,"ratio":3.1730462709565828,"regime":"monsoonal_transition","rerun_used":false,"runtime_class":"PASS","station_id":"az028820"},{"candidate_identity":"dac820da843bbf4e5f77ab5f1cc4e7df6b1a99e6c96421ff75a8c0def233f0b2","candidate_mad_over_median":0.0008238613298667462,"candidate_median_seconds":0.5953265000134706,"candidate_repeat_counts":[2,2,2,2,2,2,2,2,2],"candidate_samples_seconds":[0.5971725834533572,0.5958499165717512,0.594748773961328,0.5950792720541358,0.5962551940465346,0.5953265000134706,0.5948360335314646,0.5957319774897769,0.594903502962552],"complete":true,"discarded_contaminated_trial_indices":[],"faithful_identity":"1afa5051a83b639dd934cd7589c9309a02af442ccfb465faef91bdaaec7dd21e","faithful_mad_over_median":0.005762869475536463,"faithful_median_seconds":0.16288881815437758,"faithful_repeat_counts":[7,7,7,7,7,7,7,7,7],"faithful_samples_seconds":[0.16500629201930547,0.16295840045703308,0.16462452283927373,0.16469384669991477,0.16288881815437758,0.1611067805705326,0.16255002728264248,0.16206681169569492,0.1619501111563295],"horizon_years":100,"ratio":3.654802746799053,"regime":"monsoonal_transition","rerun_used":false,"runtime_class":"PASS","station_id":"az028820"},{"candidate_identity":"4809f5a79188813d5d0f5d4f3b03e1ae3c3b7292c68ab54abaf4c480d703fe7e","candidate_mad_over_median":0.0005377870012976038,"candidate_median_seconds":0.1787036421786373,"candidate_repeat_counts":[6,6,6,6,6,6,6,6,6],"candidate_samples_seconds":[0.17837677100518098,0.1787795499743273,0.1787036421786373,0.1785860878493016,0.1787997466744855,0.17846610366056362,0.1787422370010366,0.17862533432586739,0.17952855369852236],"complete":true,"discarded_contaminated_trial_indices":[],"faithful_identity":"0d730a62f825e1266cde5285fef3584001276b1ab80e33fe3fd6d831da4d3b31","faithful_mad_over_median":0.0005909497478953255,"faithful_median_seconds":0.04761056950188835,"faithful_repeat_counts":[21,21,21,22,21,22,22,22,22],"faithful_samples_seconds":[0.047767757471384745,0.04763870495593264,0.04765568152513532,0.04735579472881826,0.04762587695205141,0.04759878636634147,0.04761056950188835,0.04731900995300913,0.04758385695855726],"horizon_years":30,"ratio":3.7534447507826907,"regime":"non_monsoonal_semi_arid","rerun_used":false,"runtime_class":"PASS","station_id":"id101022"},{"candidate_identity":"3ef7ac8735fac1310462fc72f09b287add0afe1a23ba2d0598c008c3b49766bd","candidate_mad_over_median":0.000357008999628215,"candidate_median_seconds":0.5953446871135384,"candidate_repeat_counts":[2,2,2,2,2,2,2,2,2],"candidate_samples_seconds":[0.5955418939702213,0.5945568210445344,0.5948150220792741,0.5955572305247188,0.5951721940655261,0.5956685190321878,0.5953446871135384,0.5952008385211229,0.5962667530402541],"complete":true,