{"minimum_timed_seconds":1.0,"rows":[{"candidate_identity":"b5af8e615ba1c02157fe7c6516afceb0546d99402148c4b81c0d7ed4a7ba7999","candidate_mad_over_median":0.0008211128151092369,"candidate_median_seconds":0.1706568201382955,"candidate_repeat_counts":[6,6,6,6,6,6,6,6,6],"candidate_samples_seconds":[0.1706897848440955,0.1703954245119045,0.1710028281668201,0.1703579833653445,0.170536091318354,0.1706568201382955,0.17036377153514573,0.1706994096748531,0.17079694864029685],"complete":true,"discarded_contaminated_trial_indices":[],"faithful_identity":"5fcbd82b8d241f5c83ac6c69f3a1c1e03f785574039c932a8b24b6d02e4443ad","faithful_mad_over_median":0.001740717719496895,"faithful_median_seconds":0.05756951516701116,"faithful_repeat_counts":[18,18,18,18,18,18,17,18,18],"faithful_samples_seconds":[0.05756951516701116,0.05723363472821398,0.05766972744216522,0.057489710381358035,0.057698765006433755,0.057632461164353624,0.05892107952112222,0.05740053299814463,0.057569409617119364],"horizon_years":30,"ratio":2.964360905997109,"regime":"hot_arid","rerun_used":false,"runtime_class":"PASS","station_id":"az026481"},{"candidate_identity":"bec20708b4d5ecb0896cb884a4ebf6078c8d256b8c1be3e54e4af6879d8fcf64","candidate_mad_over_median":0.0008125631747258462,"candidate_median_seconds":0.5683256440097466,"candidate_repeat_counts":[2,2,2,2,2,2,2,2,2],"candidate_samples_seconds":[0.5687874444993213,0.5685100224800408,0.5683256440097466,0.570911961956881,0.5682912095217034,0.5680469070794061,0.5720053259283304,0.5667242255294695,0.5672328604850918],"complete":true,"discarded_contaminated_trial_indices":[],"faithful_identity":"870e5865449b2f3359085d2526db19768d6ce76d05cf03a88e3ca205ed0acfc2","faithful_mad_over_median":0.001117517817311869,"faithful_median_seconds":0.1704757403349504,"faithful_repeat_counts":[6,6,6,6,6,6,6,6,6],"faithful_samples_seconds":[0.17058237933088094,0.17028523065770665,0.17005430817759284,0.16955748483693847,0.1704757403349504,0.16886699385941029,0.17178495166202387,0.17062161719271293,0.1704811203138282],"horizon_years":100,"ratio":3.3337625804885875,"regime":"hot_arid","rerun_used":false,"runtime_class":"PASS","station_id":"az026481"},{"candidate_identity":"c5871f4355075d370e839f26648f3026101b5ebcdde6c86a4d729f8220f001a7","candidate_mad_over_median":0.001596259923419589,"candidate_median_seconds":0.17063877366793653,"candidate_repeat_counts":[6,6,6,6,6,6,6,6,6],"candidate_samples_seconds":[0.17104083117252836,0.17007847619242966,0.1713391246739775,0.17015467033100626,0.17036638983214894,0.17071766619725773,0.17063877366793653,0.17047633533366024,0.17087187967263162],"complete":true,"discarded_contaminated_trial_indices":[],"faithful_identity":"17b6621662787c090ab2e99fd325e43084775b1396c09a6d1615eeb37a39f741","faithful_mad_over_median":0.0011582586698488447,"faithful_median_seconds":0.05070274720201269,"faithful_repeat_counts":[20,20,20,20,20,20,20,20,20],"faithful_samples_seconds":[0.05059942975640297,0.05030715429456904,0.05071671300102025,0.050644020305480805,0.05071331905201078,0.05045466775773093,0.051103595504537226,0.05070274720201269,0.050751913152635095],"horizon_years":30,"ratio":3.3654739256645816,"regime":"arid_boundary","rerun_used":false,"runtime_class":"PASS","station_id":"nv262631"},{"candidate_identity":"e91ca01c81f6cd9fac2e1d0be70d715c50eccbe407b4ba28518b785222ebea4e","candidate_mad_over_median":0.0010230453913753882,"candidate_median_seconds":0.567881743889302,"candidate_repeat_counts":[2,2,2,2,2,2,2,2,2],"candidate_samples_seconds":[0.5678770589875057,0.5679326184326783,0.5689646925311536,0.5671377064427361,0.567881743889302,0.5673007750883698,0.5671005764743313,0.5681324310135096,0.5708472529659048],"complete":true,"discarded_contaminated_trial_indices":[],"faithful_identity":"4ea202aa05ea823d290f7e2f56029c0293d532cfa00be458be9c9b6fa7e3e840","faithful_mad_over_median":0.0030512721103961205,"faithful_median_seconds":0.14768022268877498,"faithful_repeat_counts":[7,7,7,7,7,7,7,7,7],"faithful_samples_seconds":[0.14791162887455098,0.14702097373083234,0.14808921698879982,0.14683356854532445,0.14777459313959948,0.14768022268877498,0.14713522984779306,0.15051831171980926,0.14722961014402763],"horizon_years":100,"ratio":3.8453472885537985,"regime":"arid_boundary","rerun_used":false,"runtime_class":"PASS","station_id":"nv262631"},{"candidate_identity":"5103ba82bd7a162a77c2a548bbf3494135db658fd975bac7ec5c7092ffbbdf2c","candidate_mad_over_median":0.0002495772122206108,"candidate_median_seconds":0.1702132479986176,"candidate_repeat_counts":[6,6,6,6,6,6,6,6,6],"candidate_samples_seconds":[0.17025107770071676,0.17046384047716856,0.170144600328058,0.1702557293465361,0.17015462182462215,0.1702132479986176,0.17019316317358366,0.17182864830829203,0.17020094903030744],"complete":true,"discarded_contaminated_trial_indices":[],"faithful_identity":"bd4011a0bafe3fffba1f5bc39add67c3531377fd6ec01ec791cbf7a1afb6fd25","faithful_mad_over_median":0.030143984539439925,"faithful_median_seconds":0.06389069111901335,"faithful_repeat_counts":[17,16,16,16,15,15,16,15,16],"faithful_samples_seconds":[0.060210624353631455,0.06581661112431902,0.06357355005457066,0.06264031481987331,0.06791428839787841,0.06746685166532794,0.06389069111901335,0.07101219085355599,0.06339064793428406],"horizon_years":30,"ratio":2.6641322079542116,"regime":"monsoonal_transition","rerun_used":false,"runtime_class":"PASS","station_id":"az028820"},{"candidate_identity":"0106073b5bafab8cd5841278418ab584e4c6e6d14824fc8a076d344fa89fa6b7","candidate_mad_over_median":0.0009655254524582606,"candidate_median_seconds":0.5667887730523944,"candidate_repeat_counts":[2,2,2,2,2,2,2,2,2],"candidate_samples_seconds":[0.5673103269655257,0.5671299640089273,0.566218223539181,0.5677107180235907,0.566087229992263,0.5667887730523944,0.5659420320298523,0.5664937904803082,0.5673360220389441],"complete":true,"discarded_contaminated_trial_indices":[],"faithful_identity":"ce78919e10b879b12b6303de5ebf63dbca47981aff1e3168349fcf5c62516771","faithful_mad_over_median":0.0006456967437019856,"faithful_median_seconds":0.16259778241094733,"faithful_repeat_counts":[7,7,7,7,6,7,7,7,7],"faithful_samples_seconds":[0.16221939785672085,0.16176336271954433,0.16249279355231142,0.16258213416274106,0.17648154532071203,0.16259778241094733,0.16267006029374897,0.16268776014580258,0.1628308329797749],"horizon_years":100,"ratio":3.485833353002936,"regime":"monsoonal_transition","rerun_used":false,"runtime_class":"PASS","station_id":"az028820"},{"candidate_identity":"5ddadfe0fa9fed7a7d26b8788501937900461987b928e539b3b0d8c20fa8e7d7","candidate_mad_over_median":0.0008859335292969812,"candidate_median_seconds":0.17007500348457447,"candidate_repeat_counts":[6,6,6,6,6,6,6,6,6],"candidate_samples_seconds":[0.17022321202481785,0.17007500348457447,0.1703402775262172,0.1699073453200981,0.17005732698210826,0.17002788418903947,0.16992432833649218,0.17050970066338778,0.17027811981582394],"complete":true,"discarded_contaminated_trial_indices":[],"faithful_identity":"799d720e084e47d1b0f3e554a31931ec468ddc6d92b79b3040f6961d428c787d","faithful_mad_over_median":0.010434512314903832,"faithful_median_seconds":0.060727310421712255,"faithful_repeat_counts":[16,18,17,17,17,17,17,17,17],"faithful_samples_seconds":[0.06587004399625584,0.057620409332836665,0.060238528476261044,0.06120824077002266,0.05891706400057849,0.0613609702901586,0.059812289991361255,0.060727310421712255,0.06091436558841344],"horizon_years":30,"ratio":2.8006345465246616,"regime":"non_monsoonal_semi_arid","rerun_used":false,"runtime_class":"PASS","station_id":"id101022"},{"candidate_identity":"9ac5abb527a7b5a1d7ea28b948a8206966885f088f571beeefdaefb8982ab923","candidate_mad_over_median":0.0010631471112130851,"candidate_median_seconds":0.5664489410119131,"candidate_repeat_counts":[2,2,2,2,2,2,2,2,2],"candidate_samples_seconds":[0.5664489410119131,0.5673247720114887,0.5676885035354644,0.5661256595049053,0.5659221019595861,0.5670980844879523,0.5649375220527872,0.5667118885321543,0.5658467224566266],