{
  "diagnostic_runner_up": "lognormal_body_gpd_excess_v2",
  "ranking": [
    {
      "amount_family": "lognormal_wet_v2",
      "mean_primary_nll": 2.7719888395733303,
      "mean_stability": 0.9279872360683622,
      "mean_tail_score": 0.2707877336986481,
      "primary_nll_population_sd": 0.003990124971646417
    },
    {
      "amount_family": "lognormal_body_gpd_excess_v2",
      "mean_primary_nll": 2.8355935248117596,
      "mean_stability": 0.9301414565434531,
      "mean_tail_score": 0.22556248922196645,
      "primary_nll_population_sd": 0.0064127761829400705
    },
    {
      "amount_family": "gamma_wet_v2",
      "mean_primary_nll": 3.727604432333083,
      "mean_stability": 0.9209041599243406,
      "mean_tail_score": 0.3018950008210682,
      "primary_nll_population_sd": 0.004556592737207191
    }
  ],
  "schema_version": 1,
  "winner": "lognormal_wet_v2"
}
