{"minimum_timed_seconds":1.0,"rows":[{"candidate_identity":"b60a4d560aff1848050b05851e2bd4d5e4598633c763e4a8b2212af2c6980821","candidate_mad_over_median":0.0011611575758975242,"candidate_median_seconds":0.18950423935893923,"candidate_repeat_counts":[6,6,6,6,6,6,6,6,6],"candidate_samples_seconds":[0.1896650743437931,0.18910105367346355,0.18887098932949206,0.18950423935893923,0.18929646152537316,0.1899555545145025,0.18946843299393853,0.1902888328380262,0.18972428364213556],"complete":true,"discarded_contaminated_trial_indices":[],"faithful_identity":"ce038ba6569cf6250590fab4e60be32989c7fd2123ce96ec3cec70145fc2d482","faithful_mad_over_median":0.044029788382796795,"faithful_median_seconds":0.06025847935062997,"faithful_repeat_counts":[17,17,13,16,18,18,17,18,15],"faithful_samples_seconds":[0.05980096005505937,0.06025847935062997,0.09078450886031184,0.06291164744470734,0.05750730188770427,0.05775025538686249,0.06126090447308824,0.057552231993112296,0.06723312120884657],"horizon_years":30,"ratio":3.1448559837738097,"regime":"hot_arid","rerun_used":false,"runtime_class":"PASS","station_id":"az026481"},{"candidate_identity":"9049085281c354455e8e12e31c5af8782ce7539736037f2f53103da3764984e0","candidate_mad_over_median":0.001043029325687724,"candidate_median_seconds":0.6318446430377662,"candidate_repeat_counts":[2,2,2,2,2,2,2,2,2],"candidate_samples_seconds":[0.6301928964676335,0.6325467104325071,0.6295141889713705,0.6311856105457991,0.631647955509834,0.6326316244667396,0.6323244434315711,0.6320298764621839,0.6318446430377662],"complete":true,"discarded_contaminated_trial_indices":[],"faithful_identity":"0eeff2e1cf96bd93e15878d9e388b6b93203650eeec34643e0edc35a42b1878b","faithful_mad_over_median":0.0082955509253293,"faithful_median_seconds":0.17014238669071347,"faithful_repeat_counts":[6,6,6,6,6,6,6,6,6],"faithful_samples_seconds":[0.16956722468603402,0.16912725435880324,0.17135796668784073,0.16873096185736358,0.17417866449492672,0.16858822018063316,0.17266380433769277,0.17302951348635057,0.17014238669071347],"horizon_years":100,"ratio":3.713622779879888,"regime":"hot_arid","rerun_used":false,"runtime_class":"PASS","station_id":"az026481"},{"candidate_identity":"084ce180844b8b3f81a22af9933288be062dc28aefe2cae378bda9f1abeb99d8","candidate_mad_over_median":0.0007864193118852879,"candidate_median_seconds":0.18963586282916367,"candidate_repeat_counts":[6,6,6,6,6,6,6,6,6],"candidate_samples_seconds":[0.18964532599784434,0.18926955681915084,0.18939289031550288,0.18946991802658886,0.1893766738163928,0.18975613316676268,0.18978499613391855,0.18963586282916367,0.18975957483053207],"complete":true,"discarded_contaminated_trial_indices":[],"faithful_identity":"9d6bd2556f5260cd7810bc1c3e54e7ce924f4d3b195b11060e448631510bc3a3","faithful_mad_over_median":0.060875199125150124,"faithful_median_seconds":0.05698464279994368,"faithful_repeat_counts":[19,13,20,19,16,20,20,16,18],"faithful_samples_seconds":[0.05351569132242156,0.07936833693216053,0.05698464279994368,0.05545467068441212,0.0633365450630663,0.05214566399808973,0.05565311925020069,0.06403185374801978,0.05788886605296284],"horizon_years":30,"ratio":3.3278415641722874,"regime":"arid_boundary","rerun_used":false,"runtime_class":"PASS","station_id":"nv262631"},{"candidate_identity":"0c6961eb38710c8375a6d0425b63cf97ef45d498be14517de7b5810e41a9012b","candidate_mad_over_median":0.0019317088365365359,"candidate_median_seconds":0.6318920274497941,"candidate_repeat_counts":[2,2,2,2,2,2,2,2,2],"candidate_samples_seconds":[0.6318920274497941,0.6362107759341598,0.6295496184611693,0.6297711610095575,0.6305748019367456,0.6306713960366324,0.6320917104603723,0.6322709540836513,0.6322104195132852],"complete":true,"discarded_contaminated_trial_indices":[],"faithful_identity":"72dde849d8c30b7c1793e3d340a412c91229094cd10f566e6b240efe9e069792","faithful_mad_over_median":0.0032367181398843866,"faithful_median_seconds":0.148349732592968,"faithful_repeat_counts":[7,7,7,7,7,7,7,7,7],"faithful_samples_seconds":[0.14960778754071466,0.148349732592968,0.14882989886349865,0.1489960455801338,0.1482866618649236,0.15013554030364112,0.14821050126504684,0.1472829769897674,0.14828568756846444],"horizon_years":100,"ratio":4.259475338479624,"regime":"arid_boundary","rerun_used":false,"runtime_class":"PASS","station_id":"nv262631"},{"candidate_identity":"918544b50819c8db935036c3575dd3a7fa485d78ddd541eb3d49fd6a9c8e2557","candidate_mad_over_median":0.0009765475475223945,"candidate_median_seconds":0.18942892516497523,"candidate_repeat_counts":[6,6,6,6,6,6,6,6,6],"candidate_samples_seconds":[0.18984606648640087,0.18942892516497523,0.18900480133015662,0.18942251351351538,0.18914210835161308,0.18955996884809187,0.18961391151727489,0.18960591999348253,0.18915473801704744],"complete":true,"discarded_contaminated_trial_indices":[],"faithful_identity":"d9e0b2df4bcccd4d83401efabe6afc8e2b9dab0c9fd9c1531ae24c1fbdf7a7b8","faithful_mad_over_median":0.021605928550395326,"faithful_median_seconds":0.05793217027611616,"faithful_repeat_counts":[18,18,17,17,17,14,18,18,18],"faithful_samples_seconds":[0.05743764499978473,0.05686767667066306,0.05981259417774923,0.059499479405691516,0.059813895399737006,0.08133545057249389,0.05668049194436106,0.05745607472231819,0.05793217027611616],"horizon_years":30,"ratio":3.2698399570069543,"regime":"monsoonal_transition","rerun_used":false,"runtime_class":"PASS","station_id":"az028820"},{"candidate_identity":"a891180e8836b308f69e2f8e1b6f4ecddbb60153567e5027f8a6dbd54a49e663","candidate_mad_over_median":0.0013492551461845074,"candidate_median_seconds":0.6310115194646642,"candidate_repeat_counts":[2,2,2,2,2,2,2,2,2],"candidate_samples_seconds":[0.6326545419869944,0.6322770259575918,0.6309697000542656,0.6318629150046036,0.6308411764912307,0.6319602595176548,0.6300707444315776,0.6310115194646642,0.630627688486129],"complete":true,"discarded_contaminated_trial_indices":[],"faithful_identity":"af212abd28f3e45bb1757bb7293cfdb7eb6cc6db6ff0299954338d2a51cf6c6e","faithful_mad_over_median":0.001493985246450899,"faithful_median_seconds":0.16349772816257818,"faithful_repeat_counts":[7,7,7,7,7,7,7,7,7],"faithful_samples_seconds":[0.1636452078819275,0.1641120128666184,0.16325346496887505,0.16248937456735543,0.16362673240447684,0.1783538519937013,0.16349772816257818,0.16295173388373638,0.16327117756009102],"horizon_years":100,"ratio":3.859451299758744,"regime":"monsoonal_transition","rerun_used":false,"runtime_class":"PASS","station_id":"az028820"},{"candidate_identity":"dd3bb230446bcb529d088d97e12187963c4a43cadf8d6880672f254e213b3cd9","candidate_mad_over_median":0.00031732403063370316,"candidate_median_seconds":0.1890369993246471,"candidate_repeat_counts":[6,6,6,6,6,6,6,6,6],"candidate_samples_seconds":[0.1889141258240367,0.18912627668275186,0.18910285201855004,0.1891321699755887,0.18901929119601846,0.1890937836918359,0.1889770133420825,0.1890369993246471,0.18899068150979778],"complete":true,"discarded_contaminated_trial_indices":[],"faithful_identity":"00249eb2b92f525488aa09c98babe10da8ae89bfdc603021f5c6890e162c59ba","faithful_mad_over_median":0.034861778878938814,"faithful_median_seconds":0.0944095275730693,"faithful_repeat_counts":[11,14,14,9,11,9,11,11,14],"faithful_samples_seconds":[0.09344568418931555,0.07175224743384336,0.0944095275730693,0.12181841344055203,0.09237984635613182,0.11573596156409217,0.0962125916372646,0.09770081164738671,0.07852515786154461],"horizon_years":30,"ratio":2.002308497713219,"regime":"non_monsoonal_semi_arid","rerun_used":true,"runtime_class":"PASS","station_id":"id101022"},{"candidate_identity":"a3ab5f219aa63c935f60ed56ad44060367d988d7e36b3b2e2117a605bef84b0f","candidate_mad_over_median":0.0009514726381242975,"candidate_median_seconds":0.6312940925126895,"candidate_repeat_counts":[2,2,2,2,2,2,2,2,2],"candidate_samples_seconds":[0.630363211967051,0.6316337690223008,0.6315349995857105,0.6319296604488045,0.630682043498382,0.6312940925126895,0.6306809034431353,0.6306934334570542,0.6313352064462379],"complete":true,