{"minimum_timed_seconds":1.0,"rows":[{"candidate_identity":"6f5d083c3102387d0bf3b4aefbaa6e783832bcaacdd70dccc94d70ad0fdb52dc","candidate_mad_over_median":0.000929748288796102,"candidate_median_seconds":0.18689663401649645,"candidate_repeat_counts":[6,6,6,6,6,6,6,6,6],"candidate_samples_seconds":[0.18672286719083786,0.1875252278211216,0.18671011567736664,0.18734299950301647,0.18689663401649645,0.18684955597079048,0.18682811964148036,0.18757590383756906,0.186953836819157],"complete":true,"discarded_contaminated_trial_indices":[],"faithful_identity":"0e2d2613625fc59f28fb7de4dc9417ab98545efe4a4e92562e3ad926440621e7","faithful_mad_over_median":0.003068534247083217,"faithful_median_seconds":0.05729173861133555,"faithful_repeat_counts":[18,18,18,18,18,18,18,18,18],"faithful_samples_seconds":[0.0577021218293036,0.05709087271760735,0.057290383614599705,0.05711593694933173,0.0576937212738105,0.05729173861133555,0.05738099322964748,0.057175306383416884,0.0577462746684129],"horizon_years":30,"ratio":3.2621916972077662,"regime":"hot_arid","rerun_used":false,"runtime_class":"PASS","station_id":"az026481"},{"candidate_identity":"4f1dccbd13a5b2b989dfa8c47bd3ee8c72d1d8a307a0a8203982d70a482551d9","candidate_mad_over_median":0.0006371641821376341,"candidate_median_seconds":0.6221890010638162,"candidate_repeat_counts":[2,2,2,2,2,2,2,2,2],"candidate_samples_seconds":[0.6224830279825255,0.6253616249887273,0.6227299005258828,0.6221890010638162,0.6217925645178184,0.6217366955243051,0.6221115769585595,0.6254223890136927,0.622050967416726],"complete":true,"discarded_contaminated_trial_indices":[],"faithful_identity":"5834f6cabd7ece9feddd462002cbff8d23989d4f866e64cd4af31ea892988ef1","faithful_mad_over_median":0.0010296563747617046,"faithful_median_seconds":0.17036416369955987,"faithful_repeat_counts":[6,6,6,6,6,6,6,6,6],"faithful_samples_seconds":[0.16981104749720544,0.1727384056818361,0.1704322781491404,0.17036416369955987,0.1706541560124606,0.17018874715237567,0.1702860144820685,0.17123066366184503,0.17019443702884018],"horizon_years":100,"ratio":3.652111967403293,"regime":"hot_arid","rerun_used":false,"runtime_class":"PASS","station_id":"az026481"},{"candidate_identity":"27f38689ae552e3dc1f5a34557d80d425468920089d0a37e07131c508c2a3324","candidate_mad_over_median":0.000798570830512034,"candidate_median_seconds":0.18694666683829078,"candidate_repeat_counts":[6,6,6,6,6,6,6,6,6],"candidate_samples_seconds":[0.18681113134759167,0.18703947914764285,0.18695928497860828,0.1870959569932893,0.18694666683829078,0.18736317552005252,0.18655144733687243,0.18677860350968936,0.18649469463465115],"complete":true,"discarded_contaminated_trial_indices":[],"faithful_identity":"2ff2b32b111e811e2727c01e705e74d8b7d6495c063c59f72b045d1ca6ea50d5","faithful_mad_over_median":0.004085413716432735,"faithful_median_seconds":0.05085701409261674,"faithful_repeat_counts":[20,20,20,20,20,20,20,20,20],"faithful_samples_seconds":[0.05026978534879163,0.05064924214966595,0.05154207944869995,0.05135019425069913,0.05103747985558584,0.05085701409261674,0.05146597329294309,0.05072643249295652,0.050785710441414264],"horizon_years":30,"ratio":3.6759269134015304,"regime":"arid_boundary","rerun_used":false,"runtime_class":"PASS","station_id":"nv262631"},{"candidate_identity":"43582f68256592fbd972302f7bae7ac6d6fc7f2246834e87afcb93917d4dffb1","candidate_mad_over_median":0.0009501071097649198,"candidate_median_seconds":0.6222923984751105,"candidate_repeat_counts":[2,2,2,2,2,2,2,2,2],"candidate_samples_seconds":[0.6224362920038402,0.6234002875862643,0.6218794075539336,0.6229234170168638,0.6217840785393491,0.6259330129250884,0.6217011540429667,0.6222923984751105,0.6207767630694434],"complete":true,"discarded_contaminated_trial_indices":[],"faithful_identity":"465c3f185d0e4ffc99ff5c74f56f17ee095c9d901317f7410d9ed8981b78819e","faithful_mad_over_median":0.003685516851305419,"faithful_median_seconds":0.1480650280136615,"faithful_repeat_counts":[7,7,7,7,7,7,7,7,7],"faithful_samples_seconds":[0.1482088708518339,0.14893146813847125,0.147735612699762,0.1491246618596571,0.14846861542069487,0.14691830057251667,0.1480650280136615,0.14733402228115924,0.14751933185782815],"horizon_years":100,"ratio":4.202831734295106,"regime":"arid_boundary","rerun_used":false,"runtime_class":"PASS","station_id":"nv262631"},{"candidate_identity":"cc23919b23dc11bccef72810b0c3a5a0e74d6fb8f713bb7f32608f91c31819f6","candidate_mad_over_median":0.00041796744714496346,"candidate_median_seconds":0.1866636680206284,"candidate_repeat_counts":[6,6,6,6,6,6,6,6,6],"candidate_samples_seconds":[0.18650990767249218,0.18679885484743863,0.1866514013381675,0.1866636680206284,0.1865856486838311,0.18666525115258992,0.18652357933266708,0.1867402254914244,0.1870389274942378],"complete":true,"discarded_contaminated_trial_indices":[],"faithful_identity":"9f48b3d012de320b47492b46502bfae7141b2ec7f93e7a60bb6a91af072e70c1","faithful_mad_over_median":0.0028077807436351337,"faithful_median_seconds":0.056179837388400405,"faithful_repeat_counts":[18,18,18,18,18,18,18,18,18],"faithful_samples_seconds":[0.05610019594637884,0.05588532472029328,0.056179837388400405,0.056729339231323034,0.05627878027088526,0.05638356817265352,0.05659750217778815,0.0560220967228007,0.05615654317403419],"horizon_years":30,"ratio":3.3226096175773074,"regime":"monsoonal_transition","rerun_used":false,"runtime_class":"PASS","station_id":"az028820"},{"candidate_identity":"ff1bb9d46e70f6e683b85dc13f81dea40d1e1d28cb6331069a883ed202dfae93","candidate_mad_over_median":0.0008585150973305937,"candidate_median_seconds":0.6213751424802467,"candidate_repeat_counts":[2,2,2,2,2,2,2,2,2],"candidate_samples_seconds":[0.6215884655248374,0.6222620484186336,0.6213751424802467,0.6208416825393215,0.620811143075116,0.621213244041428,0.6209593064850196,0.624289458966814,0.6232825744664297],"complete":true,"discarded_contaminated_trial_indices":[],"faithful_identity":"3f20dd48c3ff21626dfa6adeb993249246f1d0d76dbf714b75c3c0e008bae79d","faithful_mad_over_median":0.004104897233003866,"faithful_median_seconds":0.1629113002813288,"faithful_repeat_counts":[7,7,7,7,7,7,7,7,7],"faithful_samples_seconds":[0.16224256613557891,0.16349293973429926,0.1628707471370165,0.16211223885017848,0.16468999657912978,0.16186791129543313,0.1647345382786755,0.16315773229247757,0.1629113002813288],"horizon_years":100,"ratio":3.8141930081412667,"regime":"monsoonal_transition","rerun_used":false,"runtime_class":"PASS","station_id":"az028820"},{"candidate_identity":"4c0d0a99516f77d484f561bb24aac92c0cfd8077bbd8fd422914e5f2f8dff860","candidate_mad_over_median":0.0007901883755141015,"candidate_median_seconds":0.18680818716529757,"candidate_repeat_counts":[6,6,6,6,6,1,1,6,6],"candidate_samples_seconds":[0.18639533780515194,0.18676317599602044,0.1866605735073487,0.18683346182418367,0.20045763917732984,3.5017882918473333,1.8266404389869422,0.18680818716529757,0.18676776252686977],"complete":true,"discarded_contaminated_trial_indices":[],"faithful_identity":"9389443d4d85c98f40776a2be0c11df02ad14712a971ba1cb47cc83593867c60","faithful_mad_over_median":0.0035741392738523115,"faithful_median_seconds":0.04756164672488177,"faithful_repeat_counts":[22,21,22,22,3,2,11,22,22],"faithful_samples_seconds":[0.04755604864013466,0.047923974615211286,0.04756164672488177,0.04742234814065424,0.43802863367212314,0.9019643944920972,0.09290933683091267,0.04739165477539328,0.047550838684070514],"horizon_years":30,"ratio":3.927706461592493,"regime":"non_monsoonal_semi_arid","rerun_used":false,"runtime_class":"PASS","station_id":"id101022"},{"candidate_identity":"30a5703c1d590d4beec2709779122e6a1e6839acdd860692e758a3ea809310ad","candidate_mad_over_median":0.00043261440677423306,"candidate_median_seconds":0.6224296075524762,"candidate_repeat_counts":[2,2,2,2,2,2,2,2,2],"candidate_samples_seconds":[0.6221489355666563,0.622575466055423,0.6224296075524762,0.6226988795679063,0.6223364585312083,0.6224724269704893,0.6218419779324904,0.6227354644797742,0.6214302574517205],"complete":true,