{"minimum_timed_seconds":1.0,"rows":[{"candidate_identity":"6668b5ec70f39be26ed1b0f85352e9aa99f1b49d061574b724acbacc5643e943","candidate_mad_over_median":0.001195372990159983,"candidate_median_seconds":0.18226755852811038,"candidate_repeat_counts":[6,6,6,6,6,6,6,6,6],"candidate_samples_seconds":[0.18319248536136,0.18241289529638985,0.18204968081166348,0.18226755852811038,0.1828604038261498,0.18198625134148946,0.18216247631547353,0.18226623515753695,0.1826004166699325],"complete":true,"discarded_contaminated_trial_indices":[],"faithful_identity":"668c652f3a0764d98d9edecdad6f0a84888fa6506e9f0dce3ff77861d5f2e53e","faithful_mad_over_median":0.04370289851146503,"faithful_median_seconds":0.062199911472442394,"faithful_repeat_counts":[17,14,17,17,15,18,16,17,17],"faithful_samples_seconds":[0.06110957716865575,0.0735823560805459,0.062199911472442394,0.06137996787369689,0.06879661239994068,0.057479479337214597,0.06516983012261335,0.059481595053940135,0.06389643406659803],"horizon_years":30,"ratio":2.9303507708184413,"regime":"hot_arid","rerun_used":false,"runtime_class":"PASS","station_id":"az026481"},{"candidate_identity":"ecfe1c94fdfef761b8d3358812766983b2a9d83252568cdf16631af6dc7fbd73","candidate_mad_over_median":0.000695865614336916,"candidate_median_seconds":0.6074227314675227,"candidate_repeat_counts":[2,2,2,2,2,2,2,2,2],"candidate_samples_seconds":[0.6074227314675227,0.6074917395599186,0.6065758644836023,0.6061774739064276,0.6061243739677593,0.6076111134607345,0.6077295719878748,0.6078454160597175,0.606615973985754],"complete":true,"discarded_contaminated_trial_indices":[],"faithful_identity":"ac22e0ee5910e3bc911d5ed68354ca15a9f0997ab6ecd50af88bba6b4cf6355a","faithful_mad_over_median":0.010454094135039888,"faithful_median_seconds":0.17165837716311216,"faithful_repeat_counts":[6,6,6,6,6,6,6,6,6],"faithful_samples_seconds":[0.17003137482485423,0.21343828714452684,0.171281804330647,0.1781567531870678,0.17854871100280434,0.1698638443291808,0.1738951449903349,0.17165837716311216,0.1704853045133253],"horizon_years":100,"ratio":3.5385557145885236,"regime":"hot_arid","rerun_used":false,"runtime_class":"PASS","station_id":"az026481"},{"candidate_identity":"e61801e129ce121f4c9b9b7a7b2d10e48b10d805f3c25c3cd9f38711a6e2e670","candidate_mad_over_median":0.0008365222217984346,"candidate_median_seconds":0.18196370281899968,"candidate_repeat_counts":[6,6,6,6,6,6,6,6,6],"candidate_samples_seconds":[0.18227024283260107,0.18329088032866517,0.18193941466355076,0.18190137184380242,0.18162220964829126,0.18213308416306973,0.1819309281806151,0.1821159194999685,0.18196370281899968],"complete":true,"discarded_contaminated_trial_indices":[],"faithful_identity":"d541d6342c35c8ce30e27198ff2d37ec16c542e375ba925fa7fdaa5965ff2379","faithful_mad_over_median":0.052396591233663296,"faithful_median_seconds":0.06466002705565188,"faithful_repeat_counts":[15,19,16,19,19,16,9,19,16],"faithful_samples_seconds":[0.06804799206244448,0.057945621518516226,0.06753317912807688,0.06451147131768889,0.054805825366393515,0.06801726775302086,0.11196813321051498,0.05555011325907942,0.06466002705565188],"horizon_years":30,"ratio":2.81416063532399,"regime":"arid_boundary","rerun_used":true,"runtime_class":"PASS","station_id":"nv262631"},{"candidate_identity":"9599f2196674f0a88cba03e179d47b026d3fb33ce491a9c7475e4109fe844cff","candidate_mad_over_median":0.0009280262029034127,"candidate_median_seconds":0.6063443769235164,"candidate_repeat_counts":[2,2,2,2,2,2,2,2,2],"candidate_samples_seconds":[0.6063443769235164,0.6060239805374295,0.6064907904947177,0.6061042550718412,0.6057552834972739,0.6097589309792966,0.6071121640270576,0.6077105974545702,0.6057816734537482],"complete":true,"discarded_contaminated_trial_indices":[],"faithful_identity":"17db759ad161d9741c8d8a9653536dcf75559c42f78113e9ee002a96ccc3d03b","faithful_mad_over_median":0.0016187716227553358,"faithful_median_seconds":0.14888054285464541,"faithful_repeat_counts":[7,7,7,7,7,7,7,7,7],"faithful_samples_seconds":[0.14912154645259892,0.14820042329042085,0.14890105400367507,0.16178516188769468,0.14736545441805252,0.1479674181235688,0.14885873587003776,0.14888054285464541,0.14893526214707112],"horizon_years":100,"ratio":4.072690529584518,"regime":"arid_boundary","rerun_used":false,"runtime_class":"PASS","station_id":"nv262631"},{"candidate_identity":"8514cafc1591b7601f0e15a2f399f3fee9b7cdf840001cf4e8a60b0972c50072","candidate_mad_over_median":0.0005462153370455012,"candidate_median_seconds":0.18208170767563084,"candidate_repeat_counts":[6,6,6,6,6,6,6,6,6],"candidate_samples_seconds":[0.18227902066428214,0.18197691716098538,0.18171441500696042,0.18217254352445403,0.18208170767563084,0.1826045523630455,0.18203817148848125,0.18199632200412452,0.1821811634969587],"complete":true,"discarded_contaminated_trial_indices":[],"faithful_identity":"48d706de86a1566f4e4beb79957743b7e0b8a62945b53033b43d029a70e7ef4a","faithful_mad_over_median":0.047368971424913454,"faithful_median_seconds":0.05958325267096774,"faithful_repeat_counts":[18,14,18,16,18,12,14,18,18],"faithful_samples_seconds":[0.057233459225648806,0.0724297248525545,0.0580360801735272,0.06717540962563362,0.057024208104444876,0.08507982616235192,0.07475661950385463,0.05958325267096774,0.05676085527779327],"horizon_years":30,"ratio":3.0559209092045947,"regime":"monsoonal_transition","rerun_used":false,"runtime_class":"PASS","station_id":"az028820"},{"candidate_identity":"95e4664cb4a10257426caeb2d61726505d115e179d4aef1c1ce1c451cb64fd8b","candidate_mad_over_median":0.0005917720133029033,"candidate_median_seconds":0.6073807160137221,"candidate_repeat_counts":[2,2,2,2,2,2,2,2,2],"candidate_samples_seconds":[0.6073807160137221,0.6073790965601802,0.6076050385599956,0.6077955570071936,0.6060330955078825,0.6089570400072262,0.6075844740262255,0.6070212851045653,0.6067912623984739],"complete":true,"discarded_contaminated_trial_indices":[],"faithful_identity":"9879fbed49fcc845ccf2796322928a4bf44e371da545fa0ebfcd0d21604b526d","faithful_mad_over_median":0.0019339267536308408,"faithful_median_seconds":0.16387213127953665,"faithful_repeat_counts":[7,7,7,7,7,7,7,7,7],"faithful_samples_seconds":[0.16270408499985933,0.16387213127953665,0.16355521458068065,0.16460743785968848,0.16434620916178183,0.1625526108379875,0.16375638957002334,0.16400388129321591,0.16410148030679142],"horizon_years":100,"ratio":3.7064308084065796,"regime":"monsoonal_transition","rerun_used":false,"runtime_class":"PASS","station_id":"az028820"},{"candidate_identity":"c31533b51bd73b6abd4df23f882808806a7ab73f93f89795c21f7f70d73fce04","candidate_mad_over_median":0.0013297758847601443,"candidate_median_seconds":0.1818297371501103,"candidate_repeat_counts":[6,6,6,6,6,6,6,6,6],"candidate_samples_seconds":[0.1815837376828616,0.18215795784878233,0.1820504569914192,0.18220761069096625,0.18200746915924051,0.1818297371501103,0.1815158015039439,0.18164762551896274,0.1815879443505158],"complete":true,"discarded_contaminated_trial_indices":[],"faithful_identity":"d8d703016631e2ab7ecb5268f72417e9f8159947bcae0200fb20a0239ccc0deb","faithful_mad_over_median":0.058452624614018595,"faithful_median_seconds":0.05263608952641095,"faithful_repeat_counts":[20,19,18,21,18,18,20,21,13],"faithful_samples_seconds":[0.05072582389693707,0.05263608952641095,0.05571280710864812,0.04911662214657381,0.058487721447212,0.05770285805273387,0.05201955355005339,0.04967458648163648,0.07846511930872041],"horizon_years":30,"ratio":3.454468954401989,"regime":"non_monsoonal_semi_arid","rerun_used":true,"runtime_class":"PASS","station_id":"id101022"},{"candidate_identity":"ec4c4d1cb19bd55c72183c56751d597efb4247ba42a82ca50ad7fcc7c2bdeda3","candidate_mad_over_median":0.0007787822676683007,"candidate_median_seconds":0.6066336054354906,"candidate_repeat_counts":[2,2,2,2,2,2,2,2,2],"candidate_samples_seconds":[0.6056303994264454,0.6078077754937112,0.6061611699406058,0.6066336054354906,0.6066397305112332,0.6067872245330364,0.6074819033965468,0.6066247209673747,0.6055171299958602],"complete":true,