{"calendar_preflight_sha256":"72d7d1481c7ea1fddd12e56e3fb4e812debed283674f076c4ccd7b58a142b5aa","contract_sha256":"ddcbd2e2be56d44e4b8389f738dbb3badc84daaaffbfce37cf3188a72ff2d191","corpus":{"aggregate_bytes":223799545,"normalization_role":"candidate_fit","object_count":98,"role_counts":{"candidate_fit":1200,"fit_validation":240}},"fit_calendar_points":1200,"fit_validation_calendar_points":240,"models":[{"capacity_id":"P1","checkpoint_sha256":"fd54c491180c58dc21e25b8f2324604239acb5a4e3e439995fbb2e92a0d92752","export_sha256":"aaf82f2f65abb2e51a4200faec66ba0faa9df639aa29c98180d9f4eef132399d","hidden_size":80,"model_directory":"P1-s147031","parameter_count":87295,"row_id":"capacity-p1-s147031","score":{"block_scores":{"annual_interannual_dispersion":1.083618100732565,"annual_location":1.8238127894699574,"monthly_interannual_dispersion":1.5502048447728156,"monthly_location":3.5896817684173583,"precipitation_temperature_dependence":3.2214771777391435,"wet_occurrence_and_amount":1.0374783501029015,"within_month_daily_dispersion":5.769046485424042},"daily_proper_nll":4.178739374876022,"family_balanced_climate_score":2.582188502379826,"point_count":240,"stochastic_members":16,"support":true},"training_seed":147031},{"capacity_id":"P1","checkpoint_sha256":"3adfd51a0e03710ce2979129679041555d0f4fdc91ec8bc9a4114a753b3c952b","export_sha256":"f448e4ecaf8b5ea4b999f1ae28f04dbe8618197f49e8aa90dd6d48c555d93fdb","hidden_size":80,"model_directory":"P1-s271828","parameter_count":87295,"row_id":"frontier-k0-s271828","score":{"block_scores":{"annual_interannual_dispersion":1.0969000339508057,"annual_location":1.8337612017989158,"monthly_interannual_dispersion":1.5615178301930428,"monthly_location":3.595965933799744,"precipitation_temperature_dependence":3.2213069260120393,"wet_occurrence_and_amount":1.0378937289118766,"within_month_daily_dispersion":5.783218395709992},"daily_proper_nll":4.19117374420166,"family_balanced_climate_score":2.590080578625202,"point_count":240,"stochastic_members":16,"support":true},"training_seed":271828},{"capacity_id":"P1","checkpoint_sha256":"7482dc810bdd0b31919a1c2aa8eb2f645d50fed644f54375bd766b0f94fa6f99","export_sha256":"99c7008604fdec6af24786ffd12207d8f3be78bb51d4f231f4a8afbc7955b182","hidden_size":80,"model_directory":"P1-s314159","parameter_count":87295,"row_id":"frontier-k0-s314159","score":{"block_scores":{"annual_interannual_dispersion":1.0882675521075726,"annual_location":1.8278821632266045,"monthly_interannual_dispersion":1.5502344027161599,"monthly_location":3.5922522127628325,"precipitation_temperature_dependence":3.2055190205574036,"wet_occurrence_and_amount":1.0344403669238091,"within_month_daily_dispersion":5.822233092784882},"daily_proper_nll":4.16776779294014,"family_balanced_climate_score":2.5886898301541805,"point_count":240,"stochastic_members":16,"support":true},"training_seed":314159},{"capacity_id":"P2","checkpoint_sha256":"9343ca93df3bdc9a826926651ff4946f26d21c21c32522e3b9a90ab3a097a5a3","export_sha256":"621c3441eb2dbf35ee4ab393244c6ee497ecdd1992949a4bd96f735769b8ac71","hidden_size":144,"model_directory":"P2-s147031","parameter_count":276927,"row_id":"capacity-p2-s147031","score":{"block_scores":{"annual_interannual_dispersion":1.1556563705205918,"annual_location":1.9142371460795402,"monthly_interannual_dispersion":1.6048208177089691,"monthly_location":3.6370683133602144,"precipitation_temperature_dependence":3.425309103727341,"wet_occurrence_and_amount":1.0719875991344452,"within_month_daily_dispersion":6.704022598266602},"daily_proper_nll":4.2281230866909025,"family_balanced_climate_score":2.7875859926853863,"point_count":240,"stochastic_members":16,"support":true},"training_seed":147031},{"capacity_id":"P2","checkpoint_sha256":"1371111d9def2c662e91fc2d9b0fc788e31fb91f2c3f78f417333e2d3d5c2499","export_sha256":"29e675fbcba1960297001ce8c24fa0eeac047bfd1d2c29a0384d1c2cc217b75c","hidden_size":144,"model_directory":"P2-s271828","parameter_count":276927,"row_id":"frontier-k1-s271828","score":{"block_scores":{"annual_interannual_dispersion":1.093437199294567,"annual_location":1.9117776319384574,"monthly_interannual_dispersion":1.5785304725170135,"monthly_location":3.6250991225242615,"precipitation_temperature_dependence":3.4808687061071395,"wet_occurrence_and_amount":1.1017051294445992,"within_month_daily_dispersion":6.942540633678436},"daily_proper_nll":4.221528023481369,"family_balanced_climate_score":2.819136985072068,"point_count":240,"stochastic_members":16,"support":true},"training_seed":271828},{"capacity_id":"P2","checkpoint_sha256":"4774701c05c802f493a43b19bd1070ea2a0ae2db761c4b702f4825078d7f8ebc","export_sha256":"2f610af78a0f9cafb04eedf448f41fec97eca115da9820290371e5ca21ff61c8","hidden_size":144,"model_directory":"P2-s314159","parameter_count":276927,"row_id":"frontier-k1-s314159","score":{"block_scores":{"annual_interannual_dispersion":1.1197656482458114,"annual_location":1.928491660952568,"monthly_interannual_dispersion":1.5864945471286773,"monthly_location":3.6261146128177644,"precipitation_temperature_dependence":3.380756288766861,"wet_occurrence_and_amount":1.0827212050557136,"within_month_daily_dispersion":6.795652186870575},"daily_proper_nll":4.231672078371048,"family_balanced_climate_score":2.7885708785482812,"point_count":240,"stochastic_members":16,"support":true},"training_seed":314159}],"protected_roles_opened":[],"schema_version":1}
