{"calendar_preflight_sha256":"72d7d1481c7ea1fddd12e56e3fb4e812debed283674f076c4ccd7b58a142b5aa","candidate_output_accessed":false,"contract_sha256":"9e6926ed01bc5e1e00280dea2fa9e3747d029774d83eaffd0827ddcbb6eccb06","corpus":{"aggregate_bytes":223729862,"normalization_role":"candidate_fit","object_count":98,"role_counts":{"candidate_fit":1200,"fit_validation":240}},"fit_calendar_points":1200,"fit_validation_calendar_points":240,"models":[{"capacity_id":"P1","checkpoint_sha256":"5780bd035603794311cb8b7fc26b03133686fb9c3edf2211771b11328a33506b","export_sha256":"5a3c29e2c650700d7a93fbf94ae8ae77d6b3cedd7cd793cc9ad3552c01cfc162","hidden_size":80,"model_directory":"P1-s147031","parameter_count":87295,"row_id":"capacity-p1-s147031","score":{"block_scores":{"annual_interannual_dispersion":1.1261788830161095,"annual_location":1.798920537531376,"monthly_interannual_dispersion":1.4480217173695564,"monthly_location":3.5754391133785246,"precipitation_temperature_dependence":3.1824356228113175,"wet_occurrence_and_amount":1.0299600481987,"within_month_daily_dispersion":5.717754137516022},"daily_proper_nll":4.099286580085755,"family_balanced_climate_score":2.5541014371173723,"point_count":240,"stochastic_members":8,"support":true},"training_seed":147031},{"capacity_id":"P1","checkpoint_sha256":"a6f1768f2b02c3578351809136cbb1cdda1936dc4a46b98bec3fd48d3b174c0e","export_sha256":"a0ff071164482915bd367fc8636bc5cad538cb51dfbc4f069ed372634bbc14e2","hidden_size":80,"model_directory":"P1-s271828","parameter_count":87295,"row_id":"frontier-k0-s271828","score":{"block_scores":{"annual_interannual_dispersion":1.2153217628598214,"annual_location":1.8523798316717148,"monthly_interannual_dispersion":1.4919296771287918,"monthly_location":3.5860526978969576,"precipitation_temperature_dependence":3.150616553425789,"wet_occurrence_and_amount":1.038076815009117,"within_month_daily_dispersion":5.731962144374847},"daily_proper_nll":4.142358589172363,"family_balanced_climate_score":2.5809056403381483,"point_count":240,"stochastic_members":8,"support":true},"training_seed":271828},{"capacity_id":"P1","checkpoint_sha256":"43fe6516f58a96aef16cff703e220fdff6c677498bbbec0191fd4080d55f41fb","export_sha256":"cd5e093f0c0593434afc992cc0fb12e0defb29afaa684c4d9f3cac4544390fad","hidden_size":80,"model_directory":"P1-s314159","parameter_count":87295,"row_id":"frontier-k0-s314159","score":{"block_scores":{"annual_interannual_dispersion":1.1159394800662994,"annual_location":1.7979532696306706,"monthly_interannual_dispersion":1.444277508556843,"monthly_location":3.5715964257717134,"precipitation_temperature_dependence":3.1694477945566177,"wet_occurrence_and_amount":1.031025579571724,"within_month_daily_dispersion":5.765010738372803},"daily_proper_nll":4.091989284753799,"family_balanced_climate_score":2.55646439950381,"point_count":240,"stochastic_members":8,"support":true},"training_seed":314159},{"capacity_id":"P2","checkpoint_sha256":"611e3a8975d6dfabc1ae3b254173b426a01ccdc1073aafcaa05af423543fe8b9","export_sha256":"4b648a7b9ff8ef847f3f7a2386285a626bb1c580b92d5cdf9fe08b1bf271ef11","hidden_size":144,"model_directory":"P2-s147031","parameter_count":276927,"row_id":"capacity-p2-s147031","score":{"block_scores":{"annual_interannual_dispersion":1.1360935874283313,"annual_location":1.8153207734227181,"monthly_interannual_dispersion":1.4566132381558419,"monthly_location":3.5656125366687776,"precipitation_temperature_dependence":3.422800752520561,"wet_occurrence_and_amount":1.0391925975680352,"within_month_daily_dispersion":6.9893958568573},"daily_proper_nll":4.090446442365646,"family_balanced_climate_score":2.7750041918030806,"point_count":240,"stochastic_members":8,"support":true},"training_seed":147031},{"capacity_id":"P2","checkpoint_sha256":"c995628f54bdd881ce7cf74d34cafc9937af60b17cd589d76e23d6eaba1b5766","export_sha256":"0049b0cd2ff495944688e14e2e91a8b4aa401d0a610ff319653b87d3e6df4e29","hidden_size":144,"model_directory":"P2-s271828","parameter_count":276927,"row_id":"frontier-k1-s271828","score":{"block_scores":{"annual_interannual_dispersion":1.1540578067302705,"annual_location":1.860521672666073,"monthly_interannual_dispersion":1.4725785180926323,"monthly_location":3.587440478801727,"precipitation_temperature_dependence":3.4487564116716385,"wet_occurrence_and_amount":1.0685421243309974,"within_month_daily_dispersion":7.025274181365967},"daily_proper_nll":4.106204289197922,"family_balanced_climate_score":2.802453027665615,"point_count":240,"stochastic_members":8,"support":true},"training_seed":271828},{"capacity_id":"P2","checkpoint_sha256":"74bda4f917e1a4648bf0757e45852d85a03e30ee433c6543f658e1f127ec03f3","export_sha256":"1c1daa8381c06e3a1bbd2a4b8588509b89e45e0615549331b9881d9c67d5db5a","hidden_size":144,"model_directory":"P2-s314159","parameter_count":276927,"row_id":"frontier-k1-s314159","score":{"block_scores":{"annual_interannual_dispersion":1.177762222290039,"annual_location":1.8614725425839425,"monthly_interannual_dispersion":1.4804780349135398,"monthly_location":3.6014219522476196,"precipitation_temperature_dependence":3.4117201179265977,"wet_occurrence_and_amount":1.0639042302966117,"within_month_daily_dispersion":6.837563014030456},"daily_proper_nll":4.062821447849274,"family_balanced_climate_score":2.7763317306126867,"point_count":240,"stochastic_members":8,"support":true},"training_seed":314159}],"protected_roles_opened":[],"schema_version":1}
