{"minimum_timed_seconds":1.0,"rows":[{"candidate_identity":"1a9262ebb4eb97c91064da57951a4fed2f861fbba31f85e66600b1bff5ef5020","candidate_mad_over_median":0.0012038517722220523,"candidate_median_seconds":0.16692992765456438,"candidate_repeat_counts":[6,6,7,7,6,6,6,6,6],"candidate_samples_seconds":[0.1669822771800682,0.16684773533294597,0.16713088654380823,0.16654691712132522,0.1666807853616774,0.1671448255268236,0.16680268749284247,0.1675739975180477,0.16692992765456438],"complete":true,"discarded_contaminated_trial_indices":[],"faithful_identity":"543302dd26968724b17f2ab5f3402fb2cd63d710ba3aeb19f43d34479df1de4f","faithful_mad_over_median":0.08621171029847742,"faithful_median_seconds":0.06769108921289443,"faithful_repeat_counts":[15,14,17,15,14,17,16,14,17],"faithful_samples_seconds":[0.06769108921289443,0.07512656121980399,0.060711442821604365,0.06810381879719594,0.0732626076455095,0.06185532463988399,0.06433628231752664,0.07378766486155135,0.06022387047243469],"horizon_years":30,"ratio":2.4660546845324807,"regime":"hot_arid","rerun_used":false,"runtime_class":"PASS","station_id":"az026481"},{"candidate_identity":"0eda671a613373233f94b2ea9ccb49124573a47f7a1837098ef9ca8475634cba","candidate_mad_over_median":0.0013545429626238249,"candidate_median_seconds":0.5573259399970993,"candidate_repeat_counts":[2,2,2,2,2,2,2,2,2],"candidate_samples_seconds":[0.5569240745389834,0.5582199654309079,0.555141988559626,0.5565710180671886,0.5554083960596472,0.5590134368976578,0.5575630725361407,0.5575253228889778,0.5573259399970993],"complete":true,"discarded_contaminated_trial_indices":[],"faithful_identity":"3269fb27aaf1af1f1cfe3948ee4feacb67c2a49e77c807cc40377cf596a69730","faithful_mad_over_median":0.0037494509815913673,"faithful_median_seconds":0.17084586065417776,"faithful_repeat_counts":[6,6,6,6,6,6,6,6,6],"faithful_samples_seconds":[0.17224648385308683,0.17084586065417776,0.17020528247424713,0.1705614353219668,0.17057970682314286,0.1895141548399503,0.172520057647489,0.17030384150954583,0.17365828866604716],"horizon_years":100,"ratio":3.2621565302376605,"regime":"hot_arid","rerun_used":false,"runtime_class":"PASS","station_id":"az026481"},{"candidate_identity":"ef90526eb24b6ec80f99d708c1e79a18e7c336514dfa4ea22199dc4077bc9549","candidate_mad_over_median":0.0010135489587592183,"candidate_median_seconds":0.1670794078381732,"candidate_repeat_counts":[6,6,6,6,6,6,6,6,6],"candidate_samples_seconds":[0.16751733464964977,0.16712555564784756,0.16691006467832872,0.16695067418428758,0.16681300402463725,0.16755635101192942,0.1670794078381732,0.16738023116098097,0.1670677710014085],"complete":true,"discarded_contaminated_trial_indices":[],"faithful_identity":"790e9732e577bde25ef7b99f19c62e6a693b55613a162afa867e371bb3666759","faithful_mad_over_median":0.038017037353518336,"faithful_median_seconds":0.05518295957804903,"faithful_repeat_counts":[19,13,16,19,19,19,18,19,11],"faithful_samples_seconds":[0.05518295957804903,0.08062365276810642,0.06504826656600926,0.05474860163552588,0.054536076532186645,0.05362400999537816,0.05728085221360541,0.05268953168323558,0.09306083700026978],"horizon_years":30,"ratio":3.0277355385743925,"regime":"arid_boundary","rerun_used":false,"runtime_class":"PASS","station_id":"nv262631"},{"candidate_identity":"d36aefea89af8499adb22b02a6c32b2e9a2dff8e28c6cdc25f0169b22225f794","candidate_mad_over_median":0.0018387103111658675,"candidate_median_seconds":0.5570426399353892,"candidate_repeat_counts":[2,2,2,2,2,2,2,2,2],"candidate_samples_seconds":[0.557481830008328,0.5558154620230198,0.5553524064598605,0.5560183998895809,0.5547194329556078,0.5577162274857983,0.5570426399353892,0.5588642410002649,0.5573531915433705],"complete":true,"discarded_contaminated_trial_indices":[],"faithful_identity":"bb587eca4cdfb941717beec69ddcb44066697f3d2b1435252fbddf55b842ca8c","faithful_mad_over_median":0.004599792960564776,"faithful_median_seconds":0.14874957555106708,"faithful_repeat_counts":[7,7,7,7,7,7,7,7,7],"faithful_samples_seconds":[0.14800411599156046,0.1484960738702544,0.14874957555106708,0.14806535830056028,0.14829286743354583,0.14948935657074408,0.1499608947363283,0.14881832355500332,0.15468326956033707],"horizon_years":100,"ratio":3.74483515580958,"regime":"arid_boundary","rerun_used":false,"runtime_class":"PASS","station_id":"nv262631"},{"candidate_identity":"29231ddcc4729aad70315f1d000acd574c2ab145e541b4d78cbe644c65427533","candidate_mad_over_median":0.001197059206877232,"candidate_median_seconds":0.167199727652284,"candidate_repeat_counts":[6,6,6,6,6,6,6,6,6],"candidate_samples_seconds":[0.16720927918019393,0.16699957967891046,0.16686196450609714,0.16708975533644357,0.16683689132332802,0.1672220608064284,0.167199727652284,0.16766939781761417,0.16747573813578734],"complete":true,"discarded_contaminated_trial_indices":[],"faithful_identity":"88eb862db1d984137e4a16c31f2c9b4f2b58403a970b894fbebfc4cffd9f99c6","faithful_mad_over_median":0.043565736936797925,"faithful_median_seconds":0.06429621037386823,"faithful_repeat_counts":[12,13,17,16,16,13,16,17,17],"faithful_samples_seconds":[0.09893487298783536,0.07982139731757343,0.06149509858668727,0.06466600294515956,0.06317477236734703,0.0812474220740394,0.06429621037386823,0.05930632440482869,0.06173112446113544],"horizon_years":30,"ratio":2.600460068798061,"regime":"monsoonal_transition","rerun_used":false,"runtime_class":"PASS","station_id":"az028820"},{"candidate_identity":"5cc2d20737e8abbb0a0eeaa5fffd22dcf6bc544595ab3605352b2aadf14f76e1","candidate_mad_over_median":0.001368684851299878,"candidate_median_seconds":0.5578289815457538,"candidate_repeat_counts":[2,2,2,2,2,2,2,2,2],"candidate_samples_seconds":[0.5578289815457538,0.5590870135929435,0.557161963544786,0.5580603940179572,0.5570654894690961,0.5586883774958551,0.558020239463076,0.5568761510076001,0.5566090890206397],"complete":true,"discarded_contaminated_trial_indices":[],"faithful_identity":"0f5f914087fb9414aeaf3e27612d97f8dfede37fc2a1c33db641dea360a5c498","faithful_mad_over_median":0.009527607569485563,"faithful_median_seconds":0.16714817479563257,"faithful_repeat_counts":[6,6,7,7,7,6,6,6,7],"faithful_samples_seconds":[0.16714817479563257,0.16874069701104114,0.16713228901582106,0.16413195627475424,0.16613904885681613,0.16924891682962576,0.16851801933565488,0.16880662300779173,0.16453571085418975],"horizon_years":100,"ratio":3.3373321738499135,"regime":"monsoonal_transition","rerun_used":false,"runtime_class":"PASS","station_id":"az028820"},{"candidate_identity":"853d36133aa81abfeb111d4e82255aec078f2dd1f13cd9f76c1c1e141d4cf121","candidate_mad_over_median":0.00044320224771663195,"candidate_median_seconds":0.1666964468313381,"candidate_repeat_counts":[6,6,6,6,6,7,7,6,7],"candidate_samples_seconds":[0.16667340051693222,0.1670725958344216,0.16674739983864129,0.16683252916360894,0.1666964468313381,0.1666629462768989,0.16662256659141608,0.16696163984791687,0.166597860998341],"complete":true,"discarded_contaminated_trial_indices":[],"faithful_identity":"085c736790821a1cf2433a29596f85d53c3ad27b5e12eed3364b440f467e33a3","faithful_mad_over_median":0.09620662583461063,"faithful_median_seconds":0.060131097469772944,"faithful_repeat_counts":[19,18,16,20,19,10,20,17,15],"faithful_samples_seconds":[0.054346087474473996,0.05728365134240852,0.06530362012563273,0.05206524794921279,0.060131097469772944,0.10357870680745691,0.050910011399537325,0.06016678735613823,0.07249153726734221],"horizon_years":30,"ratio":2.772216936754465,"regime":"non_monsoonal_semi_arid","rerun_used":true,"runtime_class":"PASS","station_id":"id101022"},{"candidate_identity":"96a25f25dbcb15f9ac25d6b6fc17aa0df6d0dfaabdb84812a09b2e4f7244a84e","candidate_mad_over_median":0.0005893952564749941,"candidate_median_seconds":0.5569548174971715,"candidate_repeat_counts":[2,2,2,2,2,2,2,2,2],"candidate_samples_seconds":[0.5552780920406803,0.5569548174971715,0.555647101951763,0.5578616329003125,0.5566265509696677,0.5577751640230417,0.5569662675261497,0.556826769025065,0.5569697574246675],"complete":true,