{"minimum_timed_seconds":1.0,"rows":[{"candidate_identity":"6668b5ec70f39be26ed1b0f85352e9aa99f1b49d061574b724acbacc5643e943","candidate_mad_over_median":0.0010858691773703959,"candidate_median_seconds":0.18409477465320379,"candidate_repeat_counts":[6,6,6,6,6,6,6,6,6],"candidate_samples_seconds":[0.18389487181169292,0.1845316851589208,0.18403462533994266,0.18375238147564232,0.18441122650013617,0.1841446041750411,0.18409477465320379,0.18463942916908613,0.18396206099229553],"complete":true,"discarded_contaminated_trial_indices":[],"faithful_identity":"44000609cfcf70b5e6f17b187860460935fc5d12c3f68ecad1afca00e449753c","faithful_mad_over_median":0.002093308544998174,"faithful_median_seconds":0.057470370886019535,"faithful_repeat_counts":[18,18,18,18,18,18,18,18,18],"faithful_samples_seconds":[0.05784045705675251,0.057350067667559616,0.05752566644352757,0.057150032617048256,0.057470370886019535,0.05748696794681665,0.058024511271570295,0.05712316671593322,0.05741714756004512],"horizon_years":30,"ratio":3.20329887931848,"regime":"hot_arid","rerun_used":false,"runtime_class":"PASS","station_id":"az026481"},{"candidate_identity":"ecfe1c94fdfef761b8d3358812766983b2a9d83252568cdf16631af6dc7fbd73","candidate_mad_over_median":0.001258017278962327,"candidate_median_seconds":0.6140273275086656,"candidate_repeat_counts":[2,2,2,2,2,2,2,2,2],"candidate_samples_seconds":[0.6140473474515602,0.6140273275086656,0.6177718640537933,0.6136300670914352,0.6147997844964266,0.6134825585177168,0.6123617554549128,0.6155534874415025,0.6130111385136843],"complete":true,"discarded_contaminated_trial_indices":[],"faithful_identity":"47c6b608b3c4cf90d5702397e0b153cfe82a76422da44581a2907a6aa907a8b4","faithful_mad_over_median":0.0016446214457116928,"faithful_median_seconds":0.17045075652034333,"faithful_repeat_counts":[6,6,6,6,6,6,6,6,6],"faithful_samples_seconds":[0.17045075652034333,0.169595620323283,0.17148322235637656,0.1696405648253858,0.17099247748653093,0.17073108348995447,0.17019482232475033,0.1706859675080826,0.1702789683282996],"horizon_years":100,"ratio":3.602373729772102,"regime":"hot_arid","rerun_used":false,"runtime_class":"PASS","station_id":"az026481"},{"candidate_identity":"e61801e129ce121f4c9b9b7a7b2d10e48b10d805f3c25c3cd9f38711a6e2e670","candidate_mad_over_median":0.0004528819286916339,"candidate_median_seconds":0.1841076345105345,"candidate_repeat_counts":[6,6,6,6,6,6,6,6,6],"candidate_samples_seconds":[0.18414227765363952,0.18404074533221623,0.1841076345105345,0.1840242554899305,0.18428655768123767,0.18486516499736658,0.18450983865962675,0.18406030167049417,0.18399748900750032],"complete":true,"discarded_contaminated_trial_indices":[],"faithful_identity":"368f10e40b6e5932d176de62b68c4c36a2cb43e9b8c3d96fd2f50867ec65a51c","faithful_mad_over_median":0.004231143749752553,"faithful_median_seconds":0.05052528729429469,"faithful_repeat_counts":[20,20,20,20,20,20,20,20,20],"faithful_samples_seconds":[0.05077079419279471,0.05052528729429469,0.050262389495037495,0.050585316156502816,0.050739067047834395,0.050183225295040754,0.05060655390843749,0.05030118359718472,0.05042152135865763],"horizon_years":30,"ratio":3.6438711063266713,"regime":"arid_boundary","rerun_used":false,"runtime_class":"PASS","station_id":"nv262631"},{"candidate_identity":"9599f2196674f0a88cba03e179d47b026d3fb33ce491a9c7475e4109fe844cff","candidate_mad_over_median":0.00036117831824465077,"candidate_median_seconds":0.6136512965895236,"candidate_repeat_counts":[2,2,2,2,2,2,2,2,2],"candidate_samples_seconds":[0.6134046190418303,0.6136512965895236,0.6132527010049671,0.6140929519897327,0.6138164249714464,0.6160778765333816,0.6135528580052778,0.6138611595379189,0.6134296590462327],"complete":true,"discarded_contaminated_trial_indices":[],"faithful_identity":"67535ffd70c3f9b883dbcfcd6d35d5a060928e9b6361965e7201692a63439fdc","faithful_mad_over_median":0.005232895907707351,"faithful_median_seconds":0.14830010973050126,"faithful_repeat_counts":[7,7,7,7,7,7,7,7,7],"faithful_samples_seconds":[0.15006936428004078,0.14739765200231755,0.14752407069317997,0.14835066641015665,0.15069998913843716,0.14734259114733764,0.14830010973050126,0.14903831644915044,0.14766808642473603],"horizon_years":100,"ratio":4.137901837730821,"regime":"arid_boundary","rerun_used":false,"runtime_class":"PASS","station_id":"nv262631"},{"candidate_identity":"8514cafc1591b7601f0e15a2f399f3fee9b7cdf840001cf4e8a60b0972c50072","candidate_mad_over_median":0.0016460449011948407,"candidate_median_seconds":0.1837993609951809,"candidate_repeat_counts":[6,6,6,6,6,6,6,6,6],"candidate_samples_seconds":[0.18385924530836442,0.1837347901503866,0.1841019029961899,0.1837993609951809,0.18392447979810336,0.18458100132799396,0.18312400649301708,0.1834095708327368,0.18319333298131824],"complete":true,"discarded_contaminated_trial_indices":[],"faithful_identity":"4dd5a8ef75e1edf105130e383a4da7e7a7f276191752dfb0c9fd0e23b776fa07","faithful_mad_over_median":0.005591077201446353,"faithful_median_seconds":0.056312762394857906,"faithful_repeat_counts":[18,18,18,18,18,18,18,18,18],"faithful_samples_seconds":[0.05654400055451939,0.05618213093839586,0.05645519372127536,0.056710541002555855,0.056312762394857906,0.05599791339288155,0.05675196222081366,0.055737048439267606,0.05599270376842469],"horizon_years":30,"ratio":3.263902411790834,"regime":"monsoonal_transition","rerun_used":false,"runtime_class":"PASS","station_id":"az028820"},{"candidate_identity":"95e4664cb4a10257426caeb2d61726505d115e179d4aef1c1ce1c451cb64fd8b","candidate_mad_over_median":0.0003387785239206626,"candidate_median_seconds":0.6110130044398829,"candidate_repeat_counts":[2,2,2,2,2,2,2,2,2],"candidate_samples_seconds":[0.6112200025236234,0.6114896144717932,0.6106708784354851,0.6107262976001948,0.6108771460130811,0.6110130044398829,0.6101040890207514,0.6110566039569676,0.6111633030232042],"complete":true,"discarded_contaminated_trial_indices":[],"faithful_identity":"bd9343269f97432670fa31d833b41a461a130f9db6b9a5aa79ff21c50181fbaf","faithful_mad_over_median":0.0034425332532891724,"faithful_median_seconds":0.16345268285035022,"faithful_repeat_counts":[7,7,7,7,7,7,6,7,7],"faithful_samples_seconds":[0.16364931215399078,0.16373014699534646,0.16288999155429856,0.16418366516674204,0.16300911742395588,0.16266550100408494,0.1676858344969029,0.16266586385401233,0.16345268285035022],"horizon_years":100,"ratio":3.7381644264554432,"regime":"monsoonal_transition","rerun_used":false,"runtime_class":"PASS","station_id":"az028820"},{"candidate_identity":"c31533b51bd73b6abd4df23f882808806a7ab73f93f89795c21f7f70d73fce04","candidate_mad_over_median":0.0002758460924359111,"candidate_median_seconds":0.1831189504979799,"candidate_repeat_counts":[6,6,6,6,6,6,6,6,6],"candidate_samples_seconds":[0.18303752632346004,0.18336707283742726,0.18315055349376053,0.18314891518093646,0.18316946314492574,0.18273312451007465,0.18285083316732198,0.18307173434489718,0.1831189504979799],"complete":true,"discarded_contaminated_trial_indices":[],"faithful_identity":"08b37f8f4d2b7bfce07abb6f6aa4c48067324f84c8923ad83205daa60f8ff704","faithful_mad_over_median":0.0028433948110919483,"faithful_median_seconds":0.047663048098218586,"faithful_repeat_counts":[22,22,21,21,21,21,22,22,21],"faithful_samples_seconds":[0.047628705093467776,0.04739229804412885,0.047663048098218586,0.047798572961861886,0.04780358619367083,0.04791846595305417,0.047608882135880944,0.04752982886169444,0.04826504328022046],"horizon_years":30,"ratio":3.841947961880852,"regime":"non_monsoonal_semi_arid","rerun_used":false,"runtime_class":"PASS","station_id":"id101022"},{"candidate_identity":"ec4c4d1cb19bd55c72183c56751d597efb4247ba42a82ca50ad7fcc7c2bdeda3","candidate_mad_over_median":0.0006439842010913856,"candidate_median_seconds":0.6108559409622103,"candidate_repeat_counts":[2,2,2,2,2,2,2,2,2],"candidate_samples_seconds":[0.6100410794606432,0.6108559409622103,0.6094252110924572,0.6112123125931248,0.6108995759859681,0.6112493225373328,0.6104289605282247,0.6115702985553071,0.6108098520198837],