{"minimum_timed_seconds":1.0,"rows":[{"candidate_identity":"bea4df6871196eebad814cc1c6aecd8541af22430b8ddda5804fc64e2c3ad1e2","candidate_mad_over_median":0.0007128682374032057,"candidate_median_seconds":0.2823986104922369,"candidate_repeat_counts":[4,4,4,4,4,4,4,4,4],"candidate_samples_seconds":[0.28225714451400563,0.2821972974925302,0.28209782124031335,0.28370481700403616,0.28291777498088777,0.2823986104922369,0.28235042124288157,0.28240327700041234,0.283264952711761],"complete":true,"discarded_contaminated_trial_indices":[],"faithful_identity":"bd7f4719e30c7c5b130e61096fc004fdb575223e9b3ed9877f86a0415098b54d","faithful_mad_over_median":0.0062906791291063476,"faithful_median_seconds":0.05951161712736768,"faithful_repeat_counts":[15,16,17,17,17,17,17,17,17],"faithful_samples_seconds":[0.06903296086626748,0.06461942575697321,0.061158863772802496,0.05913724863956518,0.05951161712736768,0.0589739657144117,0.05946197488126071,0.059724360581158716,0.05915994247805108],"horizon_years":30,"ratio":4.745268640370552,"regime":"hot_arid","rerun_used":false,"runtime_class":"PASS","station_id":"az026481"},{"candidate_identity":"6e02d2bf027ee800a9259169a6f229f9b4074192e2711356cd63f697b8a3d1dc","candidate_mad_over_median":0.0005054835832486313,"candidate_median_seconds":0.9411292624427006,"candidate_repeat_counts":[2,2,2,2,2,2,2,2,2],"candidate_samples_seconds":[0.9407858760096133,0.9395527540473267,0.9435524215223268,0.9408018960384652,0.9406535370508209,0.9411444819997996,0.9420721220085397,0.9423554639797658,0.9411292624427006],"complete":true,"discarded_contaminated_trial_indices":[],"faithful_identity":"f4e1b0eb4f188bb7ada5b3be591c65614b208020971a2147caf49b8419fd84d8","faithful_mad_over_median":0.007442897102678538,"faithful_median_seconds":0.17131875249712417,"faithful_repeat_counts":[6,6,6,6,6,6,6,6,6],"faithful_samples_seconds":[0.1705777570217227,0.1698496398360779,0.1725938603437195,0.17034911282826215,0.17094682649864504,0.17131875249712417,0.17309482349082828,0.17322076216805726,0.17277715518139303],"horizon_years":100,"ratio":5.493439852467398,"regime":"hot_arid","rerun_used":false,"runtime_class":"WARN","station_id":"az026481"},{"candidate_identity":"e5be792742fcd5b6de376c92c772935ff674dbbe107564c0d0d6722b5c888e1a","candidate_mad_over_median":0.0005221295502726845,"candidate_median_seconds":0.2823451349977404,"candidate_repeat_counts":[4,4,4,4,4,4,4,4,4],"candidate_samples_seconds":[0.28219771425938234,0.28245855373097584,0.28241905698087066,0.2823451349977404,0.2821299049537629,0.28326111799106,0.28185148298507556,0.2825414002290927,0.2822453587432392],"complete":true,"discarded_contaminated_trial_indices":[],"faithful_identity":"773af7167510d6603250187a50c1a40bbab779a515ecf0258fa1a14b6509c4ea","faithful_mad_over_median":0.0033975523655439877,"faithful_median_seconds":0.050498019310180095,"faithful_repeat_counts":[20,20,20,20,20,20,20,20,20],"faithful_samples_seconds":[0.05069752519484609,0.050562753656413405,0.050498019310180095,0.05056572559988126,0.05027947115013376,0.05023454164620489,0.05032644964521751,0.050485174998175356,0.051425382401794194],"horizon_years":30,"ratio":5.5912120684072315,"regime":"arid_boundary","rerun_used":false,"runtime_class":"WARN","station_id":"nv262631"},{"candidate_identity":"9c588b2c8c498f4f1b1ea1a68d20c482475e70f8cba356e5e6302c9a62221adc","candidate_mad_over_median":0.00037140038362796135,"candidate_median_seconds":0.9403746655443683,"candidate_repeat_counts":[2,2,2,2,2,2,2,2,2],"candidate_samples_seconds":[0.9403746655443683,0.9397600969532505,0.9396857474930584,0.9392146535683423,0.9404694555560127,0.9427156910533085,0.9400254100328311,0.9405995439738035,0.9404311804100871],"complete":true,"discarded_contaminated_trial_indices":[],"faithful_identity":"47e5aced1a2e21abba6ce7b6283bd61ad5c5574f2b11e6480bd745041c7a6156","faithful_mad_over_median":0.0018701058368816906,"faithful_median_seconds":0.14816272371847714,"faithful_repeat_counts":[7,7,7,7,7,7,7,7,7],"faithful_samples_seconds":[0.14877149572462908,0.14732681115024857,0.14829450672758476,0.14726666158198246,0.14816272371847714,0.14843980369291135,0.14839691542355077,0.14751426356711558,0.14807125170981245],"horizon_years":100,"ratio":6.346904551587261,"regime":"arid_boundary","rerun_used":false,"runtime_class":"WARN","station_id":"nv262631"},{"candidate_identity":"58b96a971e2c8be3401858e0639b38032475988ee2e4825378ccca3bd7b953e6","candidate_mad_over_median":0.0006741091120460958,"candidate_median_seconds":0.2824104967294261,"candidate_repeat_counts":[4,4,4,4,4,4,4,4,4],"candidate_samples_seconds":[0.2819177720230073,0.2822680654935539,0.2824104967294261,0.2822201212402433,0.2824616938014515,0.2825803672312759,0.28270568849984556,0.2827221432235092,0.28216972172958776],"complete":true,"discarded_contaminated_trial_indices":[],"faithful_identity":"6ace3b59d35659809ea7c1701888bdb806a4dd3354d2c0cb2ad7aa83102173e5","faithful_mad_over_median":0.00662507229390773,"faithful_median_seconds":0.0583710694918409,"faithful_repeat_counts":[18,18,18,17,18,18,18,18,18],"faithful_samples_seconds":[0.05663995854815261,0.05796958605707106,0.05794562411028892,0.059099110172075385,0.05845379588815073,0.058059518380711474,0.0583710694918409,0.05839926366590791,0.05875778204709706],"horizon_years":30,"ratio":4.838192947088307,"regime":"monsoonal_transition","rerun_used":false,"runtime_class":"PASS","station_id":"az028820"},{"candidate_identity":"4ebd1046e3669486319d943b08cc632521d24d95a427d54481a2987b8755beb5","candidate_mad_over_median":0.0007326344704710581,"candidate_median_seconds":0.937504442059435,"candidate_repeat_counts":[2,2,2,2,2,2,2,2,2],"candidate_samples_seconds":[0.9373277385020629,0.9385389405069873,0.9368326440453529,0.9368175939889625,0.9411102884914726,0.9367253250675276,0.937504442059435,0.9385169059969485,0.9375193209853023],"complete":true,"discarded_contaminated_trial_indices":[],"faithful_identity":"047d73747235e2be8bfe73c03c511eba5a7f6565f49672dbd262f13b094da997","faithful_mad_over_median":0.0060425915508335905,"faithful_median_seconds":0.16459505655802786,"faithful_repeat_counts":[7,7,7,7,7,7,7,7,7],"faithful_samples_seconds":[0.16306682586270785,0.1632580522980009,0.1634889413003943,0.16373186571789639,0.16586690998104,0.1655274251409407,0.16558963725609438,0.16459505655802786,0.1654329732991755],"horizon_years":100,"ratio":5.6958238094405855,"regime":"monsoonal_transition","rerun_used":false,"runtime_class":"WARN","station_id":"az028820"},{"candidate_identity":"05635af73076481377d29091e584f6b3267aacca6e5e2b8ff30504fa94d39b1c","candidate_mad_over_median":0.0005771740176048495,"candidate_median_seconds":0.2817318110028282,"candidate_repeat_counts":[4,4,4,4,4,4,4,4,4],"candidate_samples_seconds":[0.28143242676742375,0.2819961757049896,0.2815073285019025,0.2819255390204489,0.2817318110028282,0.28170252876589075,0.2815692027215846,0.28177205321844667,0.28183428751071915],"complete":true,"discarded_contaminated_trial_indices":[],"faithful_identity":"cb480508f96019626861c1bcc0e231a96ec57464b1e9a40c2e3d4d612e40b523","faithful_mad_over_median":0.0035628059747224924,"faithful_median_seconds":0.04750661754091694,"faithful_repeat_counts":[21,22,21,22,22,22,22,21,21],"faithful_samples_seconds":[0.04771036690189725,0.047444113180972636,0.04787993132846341,0.04742454205089333,0.0473373606801033,0.04740461495450952,0.04750661754091694,0.047684988139995506,0.049900805533287074],"horizon_years":30,"ratio":5.930369821850095,"regime":"non_monsoonal_semi_arid","rerun_used":false,"runtime_class":"WARN","station_id":"id101022"},{"candidate_identity":"a05cd9019f998cf82439205dae143827e958c53d79fe02231ec9bae3deaf789f","candidate_mad_over_median":0.00032199704896814706,"candidate_median_seconds":0.9370177974924445,"candidate_repeat_counts":[2,2,2,2,2,2,2,2,2],"candidate_samples_seconds":[0.9358953540213406,0.9367634949740022,0.9364465984981507,0.9370745464693755,0.9382609189487994,0.9370177974924445,0.9376275959657505,0.9370773665141314,0.9367160805268213],"complete":true,