{"minimum_timed_seconds":1.0,"rows":[{"candidate_identity":"3666265e41de5a6216ef8d9c8b629b88c5712fc28d31fbdcebbe0cea1a9520b0","candidate_mad_over_median":0.0010417042196821014,"candidate_median_seconds":0.1862921833526343,"candidate_repeat_counts":[6,6,6,6,6,6,6,6,6],"candidate_samples_seconds":[0.18687747217093906,0.1862247691800197,0.18573794102606675,0.18642798683140427,0.18662050315955034,0.1862921833526343,0.18594134886128208,0.18609812199914208,0.18636173265986145],"complete":true,"discarded_contaminated_trial_indices":[],"faithful_identity":"882844fbcde90410e7e1703094c2ef83c03360022f62414363faaea638619140","faithful_mad_over_median":0.02277102652772493,"faithful_median_seconds":0.0613267074119957,"faithful_repeat_counts":[17,17,17,18,14,16,17,16,18],"faithful_samples_seconds":[0.06068454006248537,0.0613267074119957,0.060368078760802746,0.05789773661591527,0.07398383049959582,0.06275685167929623,0.06165231271263431,0.06272317949333228,0.05800052494224575],"horizon_years":30,"ratio":3.037700721499928,"regime":"hot_arid","rerun_used":false,"runtime_class":"PASS","station_id":"az026481"},{"candidate_identity":"d702278b4759e548ca861a6e7cb54783c75dfc08ccc350d25d0cfc494713460f","candidate_mad_over_median":0.0011346576716335366,"candidate_median_seconds":0.6215160294668749,"candidate_repeat_counts":[2,2,2,2,2,2,2,2,2],"candidate_samples_seconds":[0.6222212373977527,0.6198241380043328,0.6207531030522659,0.6197042595595121,0.6196148600429296,0.6221662680618465,0.6221694779815152,0.6216652485309169,0.6215160294668749],"complete":true,"discarded_contaminated_trial_indices":[],"faithful_identity":"3035b3619cf96059541ed8bb5d118a490937d7cb3da904ca0bf330c2b0ea9cd1","faithful_mad_over_median":0.0024794931254328604,"faithful_median_seconds":0.17105930298566818,"faithful_repeat_counts":[6,6,6,6,6,6,6,6,6],"faithful_samples_seconds":[0.17105930298566818,0.17196749166275063,0.17089701148991784,0.17032484586040178,0.17078045934128264,0.16977386184347174,0.17148344335146248,0.17110257599658021,0.1770254441847404],"horizon_years":100,"ratio":3.6333366184646922,"regime":"hot_arid","rerun_used":false,"runtime_class":"PASS","station_id":"az026481"},{"candidate_identity":"16703d1215ff4efd1f657c673079241bcc7dcfc0d2095ad8ebd04d1a2d1de41d","candidate_mad_over_median":0.0017607229424165588,"candidate_median_seconds":0.18565707593612996,"candidate_repeat_counts":[6,6,6,6,6,6,6,6],"candidate_samples_seconds":[0.18556834268383682,0.18538289649101594,0.18547546199988574,0.18525208781162897,0.18623622898788503,0.18603667783706138,0.18606844082629928,0.18574580918842307],"complete":true,"discarded_contaminated_trial_indices":[0],"faithful_identity":"2f275b90a0a7ac45265bc5700f4ebe8b0894d0d1188246633b8adb3e48899fd2","faithful_mad_over_median":0.09419727115310395,"faithful_median_seconds":0.06854813113653412,"faithful_repeat_counts":[15,14,17,15,14,9,18,17],"faithful_samples_seconds":[0.07024434146781762,0.07417509443725326,0.061261000645839996,0.06685192080525061,0.07309247879311442,0.11134748745502697,0.05817147010626892,0.06025211252819966],"horizon_years":30,"ratio":2.7084192210337337,"regime":"arid_boundary","rerun_used":true,"runtime_class":"PASS","station_id":"nv262631"},{"candidate_identity":"46116e6ca9fc212eebd49a8eea888d970630d84f4278dfce4d00870da95a95eb","candidate_mad_over_median":0.001697131546303938,"candidate_median_seconds":0.6200338610215113,"candidate_repeat_counts":[2,2,2,2,2,2,2,2,2],"candidate_samples_seconds":[0.6203513720538467,0.6193004184169695,0.618285444448702,0.618981581996195,0.6190439510392025,0.6250896825222299,0.6211131640011445,0.6200338610215113,0.6216029294300824],"complete":true,"discarded_contaminated_trial_indices":[],"faithful_identity":"4735b9d010f214bd43961d1f4736d0c03338767920105b4ed77e7f011bc768b3","faithful_mad_over_median":0.005503129088991743,"faithful_median_seconds":0.1490743841443743,"faithful_repeat_counts":[7,7,7,7,7,7,5,7,6],"faithful_samples_seconds":[0.14936237542756967,0.15171516596871829,0.14825400856456586,0.14780349187952066,0.1490743841443743,0.1482697240010436,0.2053190075792372,0.14844839657390757,0.17010703849761435],"horizon_years":100,"ratio":4.159224702354136,"regime":"arid_boundary","rerun_used":false,"runtime_class":"PASS","station_id":"nv262631"},{"candidate_identity":"613dd40b3a808bf35214e40897635edfc7ea5197fca038d9f55e07a38f50a023","candidate_mad_over_median":0.00107504924147832,"candidate_median_seconds":0.18587076547555625,"candidate_repeat_counts":[6,6,6,6,6,6,6,6,6],"candidate_samples_seconds":[0.18591860899080834,0.18576214233568558,0.18525671617438397,0.18550855185215673,0.18536584983424595,0.18607058570099375,0.18600835651159286,0.18646343417155245,0.18587076547555625],"complete":true,"discarded_contaminated_trial_indices":[],"faithful_identity":"852d026e697a98258348de1e41f3bb8837875edf97f7a9257d55bc4175810262","faithful_mad_over_median":0.08465532588664736,"faithful_median_seconds":0.06671195885476967,"faithful_repeat_counts":[14,18,17,15,15,15,16,11,18],"faithful_samples_seconds":[0.07464881728602839,0.0580564129502616,0.06106443623738254,0.06720553967170417,0.06671195885476967,0.06794672853623827,0.06293577418546192,0.09113777045753192,0.05726761421343932],"horizon_years":30,"ratio":2.78616860704379,"regime":"monsoonal_transition","rerun_used":false,"runtime_class":"PASS","station_id":"az028820"},{"candidate_identity":"242a2d8184c5d4edcb129ca13c78f656d123b277b4f254cc5cf5bfe5e5311460","candidate_mad_over_median":0.0010697306731230257,"candidate_median_seconds":0.6205095009645447,"candidate_repeat_counts":[2,2,2,2,2,2,2,2,2],"candidate_samples_seconds":[0.6204349769977853,0.6205095009645447,0.6206763989757746,0.6214778905268759,0.620202524587512,0.6211732790106907,0.6182846045121551,0.6193769379751757,0.6214518860215321],"complete":true,"discarded_contaminated_trial_indices":[],"faithful_identity":"109148d82563245cd800346f2f43dabe033f72bf3653945c0a2d24a2f259cb19","faithful_mad_over_median":0.0047529341564833015,"faithful_median_seconds":0.1638612494404827,"faithful_repeat_counts":[7,6,7,7,7,7,6,6,7],"faithful_samples_seconds":[0.16311783313618175,0.16732862665473172,0.1648462062834629,0.163082427711093,0.1638612494404827,0.1631795781265412,0.17293423231846342,0.1703818276679764,0.16382008285394736],"horizon_years":100,"ratio":3.78679830089984,"regime":"monsoonal_transition","rerun_used":false,"runtime_class":"PASS","station_id":"az028820"},{"candidate_identity":"1b518456dc61edd9fc7fc4a65871a16d4bb92793607cf1eaf10e5233d1b3bd39","candidate_mad_over_median":0.00016394108698413327,"candidate_median_seconds":0.18575460832410803,"candidate_repeat_counts":[6,6,6,6,6,6,6,6,6],"candidate_samples_seconds":[0.1851283183398967,0.18579733631728837,0.18573148851282895,0.18575460832410803,0.18576330330688506,0.18577428980885693,0.18570596736390144,0.18587781702323505,0.18572415551170707],"complete":true,"discarded_contaminated_trial_indices":[],"faithful_identity":"ebf0c5f62a6e5f1ecf7468066b7420011610fb4b5bfc79a99e2f9ccc162c4540","faithful_mad_over_median":0.08328531311972084,"faithful_median_seconds":0.05333995784779912,"faithful_repeat_counts":[19,19,21,21,21,17,19,17,21],"faithful_samples_seconds":[0.05333995784779912,0.055075556309403556,0.048927929097165666,0.048214302387177235,0.04889752275665246,0.06259226547006298,0.054345471956031885,0.0602273669997778,0.048838049528144654],"horizon_years":30,"ratio":3.4824663501636515,"regime":"non_monsoonal_semi_arid","rerun_used":false,"runtime_class":"PASS","station_id":"id101022"},{"candidate_identity":"c8c6b016691cd7c7e7e6e8fc479aea9bf21affc8a672e5569faad6083c4ea6fd","candidate_mad_over_median":0.00064972611485529,"candidate_median_seconds":0.6189385624602437,"candidate_repeat_counts":[2,2,2,2,2,2,2,2,2],"candidate_samples_seconds":[0.6183845935156569,0.6186290860641748,0.6171736614778638,0.6215670550009236,0.618949112482369,0.6191228980896994,0.6189385624602437,0.6193407030077651,0.6179826075676829],"complete":true,"discarded_contaminated_trial_indices":[],