{"minimum_timed_seconds":1.0,"rows":[{"candidate_identity":"10f123bac108de277e74fc50c5c6608292f6d7062f355a69436370f3d87ca365","candidate_mad_over_median":0.0012696791974397923,"candidate_median_seconds":0.18703215934025744,"candidate_repeat_counts":[6,6,6,6,6,6,6,6,6],"candidate_samples_seconds":[0.1868960551607112,0.18742249518012008,0.18679468849829087,0.1875166091679906,0.18703215934025744,0.18705074415386966,0.1868753624924769,0.1876198947041606,0.1867348791565746],"complete":true,"discarded_contaminated_trial_indices":[],"faithful_identity":"014d1777b90fb24bd8acb72194480ad563ebdc37387ea4d776fbded955203674","faithful_mad_over_median":0.004185970855318425,"faithful_median_seconds":0.05727059711029546,"faithful_repeat_counts":[18,18,18,18,18,18,18,18,18],"faithful_samples_seconds":[0.05721571994945407,0.05678938549115426,0.0575144022780781,0.05703086405992508,0.05727059711029546,0.05770225910883811,0.05734231412255516,0.057186034055323236,0.05773488322221157],"horizon_years":30,"ratio":3.2657623418882586,"regime":"hot_arid","rerun_used":false,"runtime_class":"PASS","station_id":"az026481"},{"candidate_identity":"0cc80a15b9f83cd918afb23d7ec8b950c93824b5ba00ed077264877d77159c61","candidate_mad_over_median":0.0008204475122602518,"candidate_median_seconds":0.6227576674427837,"candidate_repeat_counts":[2,2,2,2,2,2,2,2,2],"candidate_samples_seconds":[0.6231774725019932,0.6248222305439413,0.6221894529880956,0.6225805890280753,0.6221172739751637,0.6227576674427837,0.6230584790464491,0.6250918325968087,0.6222467274637893],"complete":true,"discarded_contaminated_trial_indices":[],"faithful_identity":"034d503815f8e06eb71d1f267e7ef7b746001a1376ad68d4c0020972f501f6ad","faithful_mad_over_median":0.0032353112647787413,"faithful_median_seconds":0.1699896106341233,"faithful_repeat_counts":[6,6,6,6,6,6,6,6,6],"faithful_samples_seconds":[0.171000569825992,0.17374561715405434,0.1699896106341233,0.17025015448840955,0.1698531270182381,0.16943964133194336,0.17114972653022656,0.16962787602096796,0.16913449298590422],"horizon_years":100,"ratio":3.6635042878189457,"regime":"hot_arid","rerun_used":false,"runtime_class":"PASS","station_id":"az026481"},{"candidate_identity":"9cacf843d59e964cb8587387ae4e567b9f30e374d6cba313ac41562a8150cace","candidate_mad_over_median":0.00043758512005750424,"candidate_median_seconds":0.18685276783071458,"candidate_repeat_counts":[6,6,6,6,6,6,6,6,6],"candidate_samples_seconds":[0.18720919565142444,0.18685276783071458,0.18658826899869987,0.1867710038398703,0.18676001217681915,0.18829841418967894,0.18679837017164877,0.18690628566158315,0.1868988408241421],"complete":true,"discarded_contaminated_trial_indices":[],"faithful_identity":"562f3436c39a6518a97fe36bf352830da548b771489223f1d599b914cb78fa48","faithful_mad_over_median":0.016075635923784127,"faithful_median_seconds":0.05213079210370779,"faithful_repeat_counts":[20,20,20,20,19,20,20,20,19],"faithful_samples_seconds":[0.05036252590361982,0.05028756815008819,0.05064768035663292,0.05096992844482884,0.05286269462177236,0.05250904459971935,0.05236018964787945,0.05213079210370779,0.052968827737985474],"horizon_years":30,"ratio":3.5843070916512074,"regime":"arid_boundary","rerun_used":false,"runtime_class":"PASS","station_id":"nv262631"},{"candidate_identity":"3ad63c02b3d659299f6a38391305085c77ad45a0a776eb71afaadf5b37a1315e","candidate_mad_over_median":0.0006833159180700757,"candidate_median_seconds":0.6225752510363236,"candidate_repeat_counts":[2,2,2,2,2,2,2,2,2],"candidate_samples_seconds":[0.6218765669036657,0.6226355360122398,0.6216315315105021,0.6229254669742659,0.622149835457094,0.6254876479506493,0.6217411599354818,0.6229599614161998,0.6225752510363236],"complete":true,"discarded_contaminated_trial_indices":[],"faithful_identity":"306ae6fb734b3f49016f24207b189711b24479296d1ccb733d34657fc64bcd8c","faithful_mad_over_median":0.005142055812175991,"faithful_median_seconds":0.1479162185985063,"faithful_repeat_counts":[7,7,7,7,7,7,7,7,7],"faithful_samples_seconds":[0.1493910168563681,0.14715562514694674,0.1476310031555061,0.14693865229907846,0.1479162185985063,0.14883440669759043,0.1483204497157463,0.14730518384437477,0.14930307871795126],"horizon_years":100,"ratio":4.208972193415784,"regime":"arid_boundary","rerun_used":false,"runtime_class":"PASS","station_id":"nv262631"},{"candidate_identity":"4c385ec292f1dfd4548578412fdee7b79691ba2cb5dc04d98e1f751d7e74252f","candidate_mad_over_median":0.002572344575320893,"candidate_median_seconds":0.1872861961601302,"candidate_repeat_counts":[6,6,6,6,6,6,6,6,6],"candidate_samples_seconds":[0.18670605449005961,0.1868044315294052,0.1871551643125713,0.18785718797395626,0.1875479050213471,0.18808582048707953,0.18726986464268217,0.1872861961601302,0.18776811248001954],"complete":true,"discarded_contaminated_trial_indices":[],"faithful_identity":"49f2d1c3eb458b6ab8725cabec690fcc48afbf029658fa47652c6bfb7b59e5b7","faithful_mad_over_median":0.001389441065864289,"faithful_median_seconds":0.05613224394619465,"faithful_repeat_counts":[18,18,18,18,18,18,18,18,18],"faithful_samples_seconds":[0.056210236391052604,0.05680639027721352,0.05591689583121075,0.055893118273363344,0.05619205432271378,0.056060930882166654,0.056221517876514956,0.05613224394619465,0.056103222059189446],"horizon_years":30,"ratio":3.3365171778924907,"regime":"monsoonal_transition","rerun_used":false,"runtime_class":"PASS","station_id":"az028820"},{"candidate_identity":"977b006fac0a2a9575cf682520cf27dc80a794a6de7773029993e4baf1ce732f","candidate_mad_over_median":0.00092613969695131,"candidate_median_seconds":0.6206930769840255,"candidate_repeat_counts":[2,2,2,2,2,2,2,2,2],"candidate_samples_seconds":[0.6220134174218401,0.6211147025460377,0.6210248634452,0.6212679254822433,0.6199689904460683,0.6206930769840255,0.6189545915694907,0.6199371055699885,0.620124323409982],"complete":true,"discarded_contaminated_trial_indices":[],"faithful_identity":"c9710265d01d29d75c4d531528a68edd1c5f46727f8e4d7f023a0f9c824b68ee","faithful_mad_over_median":0.00356130895164533,"faithful_median_seconds":0.16306624687942012,"faithful_repeat_counts":[7,7,7,7,7,7,7,7,7],"faithful_samples_seconds":[0.16552204342692026,0.16320625799042837,0.16306624687942012,0.16334034515810864,0.16286624326104565,0.16224508742535754,0.16248551759469723,0.1623649447158511,0.16500617054823255],"horizon_years":100,"ratio":3.806385986445123,"regime":"monsoonal_transition","rerun_used":false,"runtime_class":"PASS","station_id":"az028820"},{"candidate_identity":"9c27d604316b810c5926273f37d84da4aa922accab8276624d83e0b963ccf68d","candidate_mad_over_median":0.000537208514435171,"candidate_median_seconds":0.18645305698737502,"candidate_repeat_counts":[6,6,6,6,6,6,6,6,6],"candidate_samples_seconds":[0.18623197299893945,0.1865532211571311,0.1864273048316439,0.18656142083151886,0.18645305698737502,0.18647436848065504,0.1863488731517767,0.18671350235429904,0.18638512449494252],"complete":true,"discarded_contaminated_trial_indices":[],"faithful_identity":"d6a6acc19efddb8be2c6cdb5a34adbe0f8b6203e6dac44fb6670dc7fecb87003","faithful_mad_over_median":0.003827850240383331,"faithful_median_seconds":0.049762621000852617,"faithful_repeat_counts":[20,21,21,21,21,20,21,21,21],"faithful_samples_seconds":[0.05110510844970122,0.049818444187708553,0.049762621000852617,0.04980988233971099,0.04976186242752841,0.050039565947372466,0.0495721371400924,0.04903131828732079,0.04902952880642954],"horizon_years":30,"ratio":3.746849607945297,"regime":"non_monsoonal_semi_arid","rerun_used":false,"runtime_class":"PASS","station_id":"id101022"},{"candidate_identity":"3d3acd7f25d7aaa600b7f21998f290bd4dd36ae2aa1f8b84f630b9841c68ef32","candidate_mad_over_median":0.0003731336016716954,"candidate_median_seconds":0.6193411304848269,"candidate_repeat_counts":[2,2,2,2,2,2,2,2,2],"candidate_samples_seconds":[0.6195722274715081,0.6202655445085838,0.6194724190281704,0.6193040205398574,0.6190408190013841,0.620394017547369,0.6193092260509729,0.6193411304848269,0.6186028139200062],"complete":true,