{"minimum_timed_seconds":1.0,"rows":[{"candidate_identity":"d974e8150ea0e498493542dff17cae26b1c6e9c4e6b3cd4ae396bcc0cdf0e098","candidate_mad_over_median":0.0007253391743679865,"candidate_median_seconds":0.16933023246626058,"candidate_repeat_counts":[6,6,6,6,6,6,6,6,6],"candidate_samples_seconds":[0.1694530543172732,0.16888467699754983,0.16890294349286705,0.1693824935161198,0.16873621851361045,0.16933023246626058,0.1692191585122297,0.16939606016967446,0.17003229850282273],"complete":true,"discarded_contaminated_trial_indices":[],"faithful_identity":"a9b397bf85bb2dfee4942315b9f704add33fbaef8113fe3cdcdc51488aba5f5d","faithful_mad_over_median":0.00117550181644003,"faithful_median_seconds":0.057767153213111065,"faithful_repeat_counts":[18,18,18,18,18,18,18,18,18],"faithful_samples_seconds":[0.05786120499639461,0.057767153213111065,0.0577971545022188,0.05783505860664365,0.05772005643747333,0.058039038674905896,0.057728978546543255,0.05762007360398355,0.057590735054367945],"horizon_years":30,"ratio":2.93125458063647,"regime":"hot_arid","rerun_used":false,"runtime_class":"PASS","station_id":"az026481"},{"candidate_identity":"2983c9d9358b6b670730c613d8e28ea86d5a5b2e71e269502f4cabb0ab31d88e","candidate_mad_over_median":0.0011124224175779523,"candidate_median_seconds":0.5635404183994979,"candidate_repeat_counts":[2,2,2,2,2,2,2,2,2],"candidate_samples_seconds":[0.5619312624912709,0.5638444150099531,0.5635404183994979,0.5624622114701197,0.5639850985025987,0.562913523404859,0.5642419154755771,0.564653656561859,0.5632689100457355],"complete":true,"discarded_contaminated_trial_indices":[],"faithful_identity":"cdc2bc2e3c7a19514723b9da12625429dd25d24aa4211fa9d54854f2195bd208","faithful_mad_over_median":0.0026398506097042875,"faithful_median_seconds":0.17067935601032028,"faithful_repeat_counts":[6,6,6,6,6,6,6,6,6],"faithful_samples_seconds":[0.17044139051965126,0.17067935601032028,0.17112992401234806,0.17139723582658917,0.17054451582953334,0.16958091947405288,0.17227539866386601,0.17053558902504543,0.17116926280626407],"horizon_years":100,"ratio":3.3017491486517145,"regime":"hot_arid","rerun_used":false,"runtime_class":"PASS","station_id":"az026481"},{"candidate_identity":"acc00cba1c8ceb1bb3e559aaeff08b8a90c8dca1dd43062d3b78c13f64b3ff5e","candidate_mad_over_median":0.0009364685682692357,"candidate_median_seconds":0.1690073220136886,"candidate_repeat_counts":[6,6,6,6,6,6,6,6,6],"candidate_samples_seconds":[0.1690073220136886,0.16945020117176077,0.16884905196881542,0.1691363825229928,0.16904217350141457,0.16909882115821043,0.1686109476722777,0.16881106064344445,0.1687712911516428],"complete":true,"discarded_contaminated_trial_indices":[],"faithful_identity":"23538e35e599b8bdcfc0e5227cbcfa700fed7430ab462ad0e56ec035e297318a","faithful_mad_over_median":0.0038503050408941527,"faithful_median_seconds":0.050757044099736956,"faithful_repeat_counts":[20,20,20,20,20,20,20,20,20],"faithful_samples_seconds":[0.05072510089958086,0.050810470595024526,0.05112034005578607,0.050757044099736956,0.051400749350432304,0.05053795370040461,0.05063632425153628,0.05056161399697885,0.051717064750846475],"horizon_years":30,"ratio":3.3297313705185694,"regime":"arid_boundary","rerun_used":false,"runtime_class":"PASS","station_id":"nv262631"},{"candidate_identity":"84c8546cf0d31201dd79795bad9490a9874c215c45e821c21271e8e7e3f0fdb8","candidate_mad_over_median":0.000535907942806458,"candidate_median_seconds":0.5628439894644544,"candidate_repeat_counts":[2,2,2,2,2,2,2,2,2],"candidate_samples_seconds":[0.5625423568999395,0.5632360555464402,0.5633976439712569,0.5629998424556106,0.5627189455553889,0.5619008380454034,0.562343469588086,0.5628439894644544,0.5628813039511442],"complete":true,"discarded_contaminated_trial_indices":[],"faithful_identity":"d0e42f169cbf9c3243e6fdab68c743279bc2408499df4fc637519bc004770dae","faithful_mad_over_median":0.0036855881988909476,"faithful_median_seconds":0.14734468486026994,"faithful_repeat_counts":[7,7,7,7,7,7,7,7,7],"faithful_samples_seconds":[0.14734468486026994,0.14802170115789132,0.1488346047034221,0.14658006513491273,0.1469228632881173,0.1470027067365923,0.14788773669196026,0.146868070853608,0.14816225256903895],"horizon_years":100,"ratio":3.819913762062141,"regime":"arid_boundary","rerun_used":false,"runtime_class":"PASS","station_id":"nv262631"},{"candidate_identity":"bc04a3f8fc88ef0f10a2c4270471c540a9de4c2ec0a8b913a6293e086ce64ab6","candidate_mad_over_median":0.0013308847886830087,"candidate_median_seconds":0.16977639864974967,"candidate_repeat_counts":[6,6,6,6,6,6,6,6,6],"candidate_samples_seconds":[0.16919430597530058,0.16934641248856983,0.16945303130584458,0.17019053098435202,0.16974020947236568,0.1699500955097998,0.17000235147619,0.16991144764081886,0.16977639864974967],"complete":true,"discarded_contaminated_trial_indices":[],"faithful_identity":"0125410b5f0130e5cf8700ee347a64812f42aaecceaaee6cb7226b2c86c8df67","faithful_mad_over_median":0.007739410300838907,"faithful_median_seconds":0.0568214770561705,"faithful_repeat_counts":[18,18,18,18,18,16,18,18,18],"faithful_samples_seconds":[0.056484089840927884,0.0568214770561705,0.05770823667343292,0.05833974377148681,0.05658920972038888,0.0641225293657044,0.0580215213380547,0.0566910202226912,0.05638171233133309],"horizon_years":30,"ratio":2.987891329926505,"regime":"monsoonal_transition","rerun_used":false,"runtime_class":"PASS","station_id":"az028820"},{"candidate_identity":"931d05dcddf184b7ad53aa0dd6874611ef95f725914d563527ea4b6348b02128","candidate_mad_over_median":0.0006760328958685304,"candidate_median_seconds":0.5646632950520143,"candidate_repeat_counts":[2,2,2,2,2,2,2,2,2],"candidate_samples_seconds":[0.5632324850885198,0.5656601450173184,0.5643609629478306,0.565045026014559,0.5651773645076901,0.5670156354317442,0.5645062419353053,0.5645694315899163,0.5646632950520143],"complete":true,"discarded_contaminated_trial_indices":[],"faithful_identity":"1821d05718c94616b7937cf544b71cd180b5ad353653bcf5484722e322c39beb","faithful_mad_over_median":0.0017508979259571768,"faithful_median_seconds":0.1629555229696312,"faithful_repeat_counts":[7,7,7,7,7,7,7,7,7],"faithful_samples_seconds":[0.163219864579982,0.16177765672494257,0.16303636213498457,0.16295257014488534,0.163240841456822,0.16174001429629112,0.1622676301215376,0.16533599926957063,0.1629555229696312],"horizon_years":100,"ratio":3.4651375096826045,"regime":"monsoonal_transition","rerun_used":false,"runtime_class":"PASS","station_id":"az028820"},{"candidate_identity":"ffe5cc7f1677a4780e81c3157b84425798777105ac6e9002d66802c09956927c","candidate_mad_over_median":0.0006330516711099245,"candidate_median_seconds":0.16959751731095216,"candidate_repeat_counts":[6,6,6,6,6,6,6,6,6],"candidate_samples_seconds":[0.16923337266780436,0.16987636766862124,0.16960177069995552,0.16953722282778472,0.16946614700524756,0.16979109697664777,0.16949015331920236,0.16962757683359087,0.16959751731095216],"complete":true,"discarded_contaminated_trial_indices":[],"faithful_identity":"9cfdfa212ef6a17a14aaf5104fc1c4f81822aff81598df00536fe06750780eba","faithful_mad_over_median":0.003079944295971655,"faithful_median_seconds":0.047782978674929054,"faithful_repeat_counts":[21,22,21,22,20,21,21,21,21],"faithful_samples_seconds":[0.04791871247635711,0.047273614909499884,0.047782978674929054,0.04737010299736126,0.05006018129643053,0.048483553664049224,0.04763580976231467,0.04773951915004069,0.047880586669115086],"horizon_years":30,"ratio":3.5493291128779543,"regime":"non_monsoonal_semi_arid","rerun_used":false,"runtime_class":"PASS","station_id":"id101022"},{"candidate_identity":"ce82f255a44eb5c21b979e7691c2bcd6d9750c941bc756e3fbd0ffd31c2b61a8","candidate_mad_over_median":0.0014644189712528515,"candidate_median_seconds":0.5638457435416058,"candidate_repeat_counts":[2,2,2,2,2,2,2,2,2],"candidate_samples_seconds":[0.5623592395568267,0.5619732885388657,0.5620279624126852,0.5640127620426938,0.5638457435416058,0.5633925234433264,0.5646714499453083,0.5649619919713587,0.5642981689888984],"complete":true,