{"minimum_timed_seconds":1.0,"rows":[{"candidate_identity":"465ba356a5fae7afe2b361b01c77d9bb87c8918965be1d97b6462a55e2f2d5c9","candidate_mad_over_median":0.0027321502407928293,"candidate_median_seconds":0.27424993528984487,"candidate_repeat_counts":[4,4,4,4,4,4,4,4,4],"candidate_samples_seconds":[0.273681111226324,0.2741089592454955,0.27424993528984487,0.2743651964701712,0.2723396077635698,0.2764268377213739,0.27612305572256446,0.277175749768503,0.2735006432631053],"complete":true,"discarded_contaminated_trial_indices":[],"faithful_identity":"46a393d650b9003dafda442b6958c4d694842330d18794386da0a802f88cc1de","faithful_mad_over_median":0.006796304566591629,"faithful_median_seconds":0.05914173399865189,"faithful_repeat_counts":[18,18,18,18,17,17,17,17,17],"faithful_samples_seconds":[0.05750256439205259,0.0570410431181598,0.057643990109985076,0.05785255127638164,0.05938526388148174,0.05916821788174703,0.05954367923550308,0.05914173399865189,0.059149582171812654],"horizon_years":30,"ratio":4.637164261976091,"regime":"hot_arid","rerun_used":false,"runtime_class":"PASS","station_id":"az026481"},{"candidate_identity":"d9ff38354363a58b68ec8d1a660806f44247676bf0422224d9302575a20fb1aa","candidate_mad_over_median":0.0003769831860156743,"candidate_median_seconds":0.9086519220145419,"candidate_repeat_counts":[2,2,2,2,2,2,2,2,2],"candidate_samples_seconds":[0.9106686739251018,0.918628754094243,0.9239906340371817,0.9085222935536876,0.9087080165045336,0.9086519220145419,0.9083093755180016,0.9083989600185305,0.9066282829735428],"complete":true,"discarded_contaminated_trial_indices":[],"faithful_identity":"2cd67a43675bfaf8f28e316636cd47dfcc68b8b5e2b0fc709fe063104ee62acd","faithful_mad_over_median":0.004837580044027993,"faithful_median_seconds":0.17138214452036968,"faithful_repeat_counts":[6,6,6,6,6,6,6,6,6],"faithful_samples_seconds":[0.17175463784951717,0.17029502149671316,0.17171634450399628,0.17003909013389298,0.17138214452036968,0.17020786514816186,0.17413249801999578,0.17055306967813522,0.17142588916855553],"horizon_years":100,"ratio":5.301905426364552,"regime":"hot_arid","rerun_used":false,"runtime_class":"WARN","station_id":"az026481"},{"candidate_identity":"0a27fc0d1798eee0883a175952be990c37780e87afcc37d8c3529330108af83e","candidate_mad_over_median":0.0009702249827425637,"candidate_median_seconds":0.272044874727726,"candidate_repeat_counts":[4,4,4,4,4,4,4,4,4],"candidate_samples_seconds":[0.2719273309921846,0.27265737601555884,0.27178092999383807,0.272044874727726,0.27182723727310076,0.27258983673527837,0.2716685087652877,0.27315562072908506,0.2722406330285594],"complete":true,"discarded_contaminated_trial_indices":[],"faithful_identity":"a14af58aa3bce3c03a55f29bb776808480f8a3399e52748273d1dd800a2bd61b","faithful_mad_over_median":0.003526805604130046,"faithful_median_seconds":0.05051758415065706,"faithful_repeat_counts":[20,20,20,20,20,20,20,20,20],"faithful_samples_seconds":[0.05054954629158601,0.05030070890206843,0.05051758415065706,0.05033941845176741,0.050984622293617575,0.050249464891385286,0.05062669500475749,0.050356169801671055,0.05232300754869357],"horizon_years":30,"ratio":5.385152106965662,"regime":"arid_boundary","rerun_used":false,"runtime_class":"WARN","station_id":"nv262631"},{"candidate_identity":"05c7ee6dd1c666b18ee0386572ec470306ecffd73032cb6e00c74092bc5bcf74","candidate_mad_over_median":0.0007467155242156983,"candidate_median_seconds":0.9052690969547257,"candidate_repeat_counts":[2,2,2,2,2,2,2,2,2],"candidate_samples_seconds":[0.9069283449789509,0.9060043744975701,0.9037279529729858,0.9059450754430145,0.9054990744916722,0.9048405420035124,0.9052690969547257,0.9049587389454246,0.9044955190038309],"complete":true,"discarded_contaminated_trial_indices":[],"faithful_identity":"371a4650137e922b60bd0ed0f52223ebea64dc7d21c0e0d31362eb3d1eba082c","faithful_mad_over_median":0.0016580457309146983,"faithful_median_seconds":0.14870021256086016,"faithful_repeat_counts":[7,7,7,7,7,7,7,7,7],"faithful_samples_seconds":[0.15085964872767882,0.14795529872312077,0.1489467643134828,0.14870217672017003,0.14870021256086016,0.14770775700786284,0.14886071356678648,0.14811660672005797,0.14857885873477375],"horizon_years":100,"ratio":6.087880315465025,"regime":"arid_boundary","rerun_used":false,"runtime_class":"WARN","station_id":"nv262631"},{"candidate_identity":"bd2db1f31fad5142b19f370719eed0dc97736782fb2e0809f2b575ae9eec1d58","candidate_mad_over_median":0.0014236276074058379,"candidate_median_seconds":0.27214542601723224,"candidate_repeat_counts":[4,4,4,4,4,4,4,4,4],"candidate_samples_seconds":[0.27169852075167,0.2716800307389349,0.27214542601723224,0.2730675889761187,0.27198828279506415,0.27221384027507156,0.27228568226564676,0.27273074502591044,0.2717579922755249],"complete":true,"discarded_contaminated_trial_indices":[],"faithful_identity":"933d935a0b97662b6201edd43d10a6bddd8008a00f5f970b24ae1bcb4c1fbddb","faithful_mad_over_median":0.005359771901588487,"faithful_median_seconds":0.05654629106478145,"faithful_repeat_counts":[18,18,18,18,18,18,18,18,18],"faithful_samples_seconds":[0.0563090039908679,0.055996987722917564,0.05608566633115212,0.05659882433246821,0.057173925167363554,0.056746163392542966,0.05654629106478145,0.055953041546874575,0.05684936628676951],"horizon_years":30,"ratio":4.812790032602717,"regime":"monsoonal_transition","rerun_used":false,"runtime_class":"PASS","station_id":"az028820"},{"candidate_identity":"45672c3b79df43a13ff2bd4ac14a172aa86c036639033bc0a7ee9fbb39ba42c4","candidate_mad_over_median":0.00040632860648129977,"candidate_median_seconds":0.9054778284626082,"candidate_repeat_counts":[2,2,2,2,2,2,2,2,2],"candidate_samples_seconds":[0.9054778284626082,0.9058457500068471,0.9054152545286343,0.9057475059526041,0.9044361895648763,0.9065728924470022,0.9047846560133621,0.9055698129814118,0.9038940300233662],"complete":true,"discarded_contaminated_trial_indices":[],"faithful_identity":"e14f2cdb335831fa3ef2e0b505ddc6f2d01641f95e598da078b44b87a88b8740","faithful_mad_over_median":0.000930403666535181,"faithful_median_seconds":0.1660675324300038,"faithful_repeat_counts":[7,7,7,7,7,7,7,7,7],"faithful_samples_seconds":[0.16617918999067374,0.16541280201636255,0.1660675324300038,0.16598044628543512,0.16549619556670742,0.1663767721703542,0.16622204227106913,0.1660583768638649,0.16663758370227047],"horizon_years":100,"ratio":5.452467530606924,"regime":"monsoonal_transition","rerun_used":false,"runtime_class":"WARN","station_id":"az028820"},{"candidate_identity":"227b59ab34a3d2d6ce20b0ebdbb05136cb12a2f98bfdb28f0ebd3d689b3f3273","candidate_mad_over_median":0.0003215431159616699,"candidate_median_seconds":0.2716564709553495,"candidate_repeat_counts":[4,4,4,4,4,4,4,4,4],"candidate_samples_seconds":[0.27145200077211484,0.2716564709553495,0.27174382022349164,0.2716623160522431,0.27151941746706143,0.2715791810187511,0.27132518851431087,0.2717567440122366,0.27170826971996576],"complete":true,"discarded_contaminated_trial_indices":[],"faithful_identity":"5676a200250a3b3d3ef5c3088085c29cfefd6ba0744eb692d665bdff753d9aa9","faithful_mad_over_median":0.00530551008227515,"faithful_median_seconds":0.047824557948236666,"faithful_repeat_counts":[21,21,21,22,21,21,21,21,21],"faithful_samples_seconds":[0.04826390295333806,0.047655111577894003,0.04777706271436598,0.047570824273861945,0.047824557948236666,0.04768943281045982,0.04965881713932114,0.049376064811700156,0.049878145390678016],"horizon_years":30,"ratio":5.680271446510374,"regime":"non_monsoonal_semi_arid","rerun_used":false,"runtime_class":"WARN","station_id":"id101022"},{"candidate_identity":"6acab7c04af52cb7218a019310d40524502f6ab4cfd393a52cd1c619f877eaac","candidate_mad_over_median":0.0003912362568622223,"candidate_median_seconds":0.9042132755275816,"candidate_repeat_counts":[2,2,2,2,2,2,2,2,2],"candidate_samples_seconds":[0.905445458018221,0.9040269330143929,0.9041719109518453,0.9055931065231562,0.9045218775281683,0.9042132755275816,0.9037908050231636,0.903859514510259,0.9050320074893534],"complete":true,