{"minimum_timed_seconds":1.0,"rows":[{"candidate_identity":"1a9262ebb4eb97c91064da57951a4fed2f861fbba31f85e66600b1bff5ef5020","candidate_mad_over_median":0.0007556926329276173,"candidate_median_seconds":0.1622240954145257,"candidate_repeat_counts":[7,7,7,7,7,7,7,7,7],"candidate_samples_seconds":[0.1625833487071629,0.16215332600820279,0.16261191286944918,0.16212405786583467,0.16231291012705437,0.16205745985332345,0.1621015038607376,0.1622240954145257,0.1626803934507604],"complete":true,"discarded_contaminated_trial_indices":[],"faithful_identity":"a6f5ee9b65fd6c0706dc097421e9b643da20caa6b3e330ff0b9b93d20916978c","faithful_mad_over_median":0.00253080178507709,"faithful_median_seconds":0.0572687008857934,"faithful_repeat_counts":[18,18,18,18,18,18,18,18,18],"faithful_samples_seconds":[0.05828196705422468,0.057406855061546795,0.0572626570550104,0.05693671598823534,0.05750873338224159,0.057111378112393946,0.057413636616224215,0.0572687008857934,0.05717499127301077],"horizon_years":30,"ratio":2.832683348938486,"regime":"hot_arid","rerun_used":false,"runtime_class":"PASS","station_id":"az026481"},{"candidate_identity":"0eda671a613373233f94b2ea9ccb49124573a47f7a1837098ef9ca8475634cba","candidate_mad_over_median":0.0012704590681234733,"candidate_median_seconds":0.5411846650531515,"candidate_repeat_counts":[2,2,2,2,2,2,2,2,2],"candidate_samples_seconds":[0.5404299130896106,0.5405917215393856,0.5408663034904748,0.5428464829456061,0.5411846650531515,0.5418722180183977,0.541943077580072,0.5414465625071898,0.5403117240639403],"complete":true,"discarded_contaminated_trial_indices":[],"faithful_identity":"88b2baa19138c4ce36aa8f2371b216209505e969ba97b609d59028017ce17eee","faithful_mad_over_median":0.00472195864674977,"faithful_median_seconds":0.17067599614771703,"faithful_repeat_counts":[6,6,6,6,6,6,6,6,6],"faithful_samples_seconds":[0.1704003056511283,0.16940294268230596,0.17067599614771703,0.1733848279885327,0.1723270139967402,0.16981447332849106,0.1711574144816647,0.17145721800625324,0.1698700711519147],"horizon_years":100,"ratio":3.1708305635712586,"regime":"hot_arid","rerun_used":false,"runtime_class":"PASS","station_id":"az026481"},{"candidate_identity":"ef90526eb24b6ec80f99d708c1e79a18e7c336514dfa4ea22199dc4077bc9549","candidate_mad_over_median":0.00048517807749973396,"candidate_median_seconds":0.16226596787704953,"candidate_repeat_counts":[7,7,7,7,7,7,7,7,7],"candidate_samples_seconds":[0.1625363964454404,0.16211052940759277,0.16232729427117323,0.1621325477026403,0.1621872399867113,0.16226596787704953,0.16220728128350206,0.16268080486250774,0.16228303469584457],"complete":true,"discarded_contaminated_trial_indices":[],"faithful_identity":"c3e3d4da89293ef8b2b28f4da2abd54874fc35f09c110fadaf7794edb4396c7c","faithful_mad_over_median":0.001957904454120307,"faithful_median_seconds":0.05055328160524368,"faithful_repeat_counts":[20,20,20,20,20,20,20,20,20],"faithful_samples_seconds":[0.05066611140500754,0.05010582825634628,0.050606837996747346,0.050788648647721854,0.05033545434707776,0.050454303110018375,0.05046804995508865,0.05055328160524368,0.050635764747858046],"horizon_years":30,"ratio":3.209800881852512,"regime":"arid_boundary","rerun_used":false,"runtime_class":"PASS","station_id":"nv262631"},{"candidate_identity":"d36aefea89af8499adb22b02a6c32b2e9a2dff8e28c6cdc25f0169b22225f794","candidate_mad_over_median":0.0008675827643889582,"candidate_median_seconds":0.541406542994082,"candidate_repeat_counts":[2,2,2,2,2,2,2,2,2],"candidate_samples_seconds":[0.5417524395743385,0.5413168439408764,0.5409368280088529,0.5416850600158796,0.541406542994082,0.5400903664994985,0.5403831584844738,0.5420269465539604,0.5427967485738918],"complete":true,"discarded_contaminated_trial_indices":[],"faithful_identity":"05d86c08e4943362240b9fecb44d3bb4dc19a45c398431f118774f3342f985cb","faithful_mad_over_median":0.0004460629521081041,"faithful_median_seconds":0.14742124772497586,"faithful_repeat_counts":[7,7,7,7,7,7,7,7,7],"faithful_samples_seconds":[0.149037642271391,0.1468937889938908,0.14742124772497586,0.14736238128638693,0.14739384086403465,0.149899600572618,0.14794955658726394,0.14744391328921275,0.1473554885680122],"horizon_years":100,"ratio":3.6725136393100666,"regime":"arid_boundary","rerun_used":false,"runtime_class":"PASS","station_id":"nv262631"},{"candidate_identity":"29231ddcc4729aad70315f1d000acd574c2ab145e541b4d78cbe644c65427533","candidate_mad_over_median":0.0004323782337688533,"candidate_median_seconds":0.16219761571846902,"candidate_repeat_counts":[7,7,7,7,7,7,7,7,7],"candidate_samples_seconds":[0.1623189958876797,0.1621140849976135,0.16212748499986315,0.1623250372774367,0.16221125972723321,0.16219761571846902,0.16213854901226504,0.16223335099805677,0.16208050968790694],"complete":true,"discarded_contaminated_trial_indices":[],"faithful_identity":"9d74adcb39126e7ada4e1dbd11ba31b571a45233bb3694b470ad8224a4ecc8bc","faithful_mad_over_median":0.0032591481820508535,"faithful_median_seconds":0.05643032405835887,"faithful_repeat_counts":[18,18,18,18,18,18,18,18,18],"faithful_samples_seconds":[0.05624640927029153,0.055672076944675714,0.056597443452725806,0.056538135667021074,0.05680916788211713,0.05643032405835887,0.05604091866148843,0.056131152733643025,0.05646629033920666],"horizon_years":30,"ratio":2.874298853055109,"regime":"monsoonal_transition","rerun_used":false,"runtime_class":"PASS","station_id":"az028820"},{"candidate_identity":"5cc2d20737e8abbb0a0eeaa5fffd22dcf6bc544595ab3605352b2aadf14f76e1","candidate_mad_over_median":0.0005742669841964166,"candidate_median_seconds":0.5407876579556614,"candidate_repeat_counts":[2,2,2,2,2,2,2,2,2],"candidate_samples_seconds":[0.5414066730299965,0.5408663169946522,0.5435435799881816,0.5407876579556614,0.5406683339970186,0.5407405135920271,0.5399752110242844,0.5410982144530863,0.5396873694844544],"complete":true,"discarded_contaminated_trial_indices":[],"faithful_identity":"e835a524600f3283d97366b8e2071c8386fe2d04eb3670355209bbb05a68bfd7","faithful_mad_over_median":0.0030691091039733794,"faithful_median_seconds":0.16295948714417005,"faithful_repeat_counts":[7,7,7,7,7,7,7,7,7],"faithful_samples_seconds":[0.1629848169894623,0.1623648688463228,0.16285061526910535,0.16445514872404082,0.16295948714417005,0.16240907114531314,0.16314050385595433,0.16206647755045975,0.16345962758974306],"horizon_years":100,"ratio":3.3185405000521833,"regime":"monsoonal_transition","rerun_used":false,"runtime_class":"PASS","station_id":"az028820"},{"candidate_identity":"853d36133aa81abfeb111d4e82255aec078f2dd1f13cd9f76c1c1e141d4cf121","candidate_mad_over_median":0.0004459956449398334,"candidate_median_seconds":0.16216842514196678,"candidate_repeat_counts":[7,7,7,7,7,7,7,7,7],"candidate_samples_seconds":[0.16208524170464703,0.16215828816140337,0.16216842514196678,0.16217742215043732,0.1620525864418596,0.16224075155332685,0.16217906370625965,0.16205919201352767,0.16235278327284114],"complete":true,"discarded_contaminated_trial_indices":[],"faithful_identity":"6d397c45f8f0294a763c0db7e39c10ae6ccd475896803759c500e3ff1466e4e7","faithful_mad_over_median":0.002958851045486335,"faithful_median_seconds":0.04762434052480828,"faithful_repeat_counts":[21,22,21,22,21,21,22,21,22],"faithful_samples_seconds":[0.048091646716264744,0.0475335501303727,0.04776525385456071,0.04736032513689927,0.04762434052480828,0.04777298281191006,0.047477764363231305,0.047627874760932866,0.047561655318449164],"horizon_years":30,"ratio":3.4051584411439912,"regime":"non_monsoonal_semi_arid","rerun_used":false,"runtime_class":"PASS","station_id":"id101022"},{"candidate_identity":"96a25f25dbcb15f9ac25d6b6fc17aa0df6d0dfaabdb84812a09b2e4f7244a84e","candidate_mad_over_median":0.0006153060171564113,"candidate_median_seconds":0.5408300620038062,"candidate_repeat_counts":[2,2,2,2,2,2,2,2,2],"candidate_samples_seconds":[0.5447470174403861,0.5400660850573331,0.5404972860123962,0.5408071775455028,0.5408407275099307,0.5401376450899988,0.5408300620038062,0.5411784490570426,0.5410665899980813],