{"minimum_timed_seconds":1.0,"rows":[{"candidate_identity":"47ac2da8ae7f4608df5ff45faf2800906a803e779b50b04ebc316a88afbebb33","candidate_mad_over_median":0.0019494330119917854,"candidate_median_seconds":0.2794373965007253,"candidate_repeat_counts":[4,4,4,4,4,4,4,4,4],"candidate_samples_seconds":[0.280159312998876,0.27944667398696765,0.27889265201520175,0.2798182827536948,0.27902008075034246,0.27867304149549454,0.27882127527846023,0.2794373965007253,0.2799846287816763],"complete":true,"discarded_contaminated_trial_indices":[],"faithful_identity":"7f5166a8a61e61ac2a7ac6a472f52d9e399fc40e98e1bb30e2cfce053e60c27f","faithful_mad_over_median":0.0033990538168116946,"faithful_median_seconds":0.05718201072886586,"faithful_repeat_counts":[18,18,18,18,18,18,18,18,18],"faithful_samples_seconds":[0.057728434770575,0.05716047927530275,0.05718201072886586,0.057387342611845166,0.05809194339801454,0.05706408361179961,0.05698764599704494,0.05772494372083909,0.05712081632939064],"horizon_years":30,"ratio":4.886806059089199,"regime":"hot_arid","rerun_used":false,"runtime_class":"PASS","station_id":"az026481"},{"candidate_identity":"35629a17f53f711885e909efaf837e043b0afd2fe27756832ee15a790e9a0069","candidate_mad_over_median":0.0014574766189978878,"candidate_median_seconds":0.9296455319272354,"candidate_repeat_counts":[2,2,2,2,2,2,2,2,2],"candidate_samples_seconds":[0.9310412624618039,0.9290593025507405,0.933549637440592,0.9268642240203917,0.9296455319272354,0.9275600770488381,0.9298710795119405,0.9310004685539752,0.9291317615425214],"complete":true,"discarded_contaminated_trial_indices":[],"faithful_identity":"97008f99e907586c222a190004f4c4790e22511359f133b65d90f53e1259f1e8","faithful_mad_over_median":0.002263724995675894,"faithful_median_seconds":0.17066022431633124,"faithful_repeat_counts":[6,6,6,6,6,6,6,6,6],"faithful_samples_seconds":[0.17255274734149376,0.17066022431633124,0.1718615658270816,0.1702738965007787,0.1710879150001953,0.17030901283336183,0.17061997631875178,0.17105004203040153,0.17035274564598998],"horizon_years":100,"ratio":5.447347415904419,"regime":"hot_arid","rerun_used":false,"runtime_class":"WARN","station_id":"az026481"},{"candidate_identity":"916cf2021bc9e3889f2033c4e1e233943ea45e37e94943a9ac63f74938d37d6c","candidate_mad_over_median":0.00041969152126666566,"candidate_median_seconds":0.27899230597540736,"candidate_repeat_counts":[4,4,4,4,4,4,4,4,4],"candidate_samples_seconds":[0.2790086332242936,0.2789825860527344,0.2787493159994483,0.2802667082287371,0.27899230597540736,0.2790723502403125,0.2799565839814022,0.27857274003326893,0.27887521527009085],"complete":true,"discarded_contaminated_trial_indices":[],"faithful_identity":"176a1bb884fcad57dd0bbe834504d32409776f99617e67d8f72530010bcfa719","faithful_mad_over_median":0.0030369218856202726,"faithful_median_seconds":0.05031146910041571,"faithful_repeat_counts":[20,20,20,21,20,20,20,20,20],"faithful_samples_seconds":[0.050371576496399936,0.0500498246983625,0.05031146910041571,0.04995288085635929,0.05041333310073241,0.05015867709880695,0.05038002938963473,0.05002623395994306,0.050501231499947605],"horizon_years":30,"ratio":5.5453023130485795,"regime":"arid_boundary","rerun_used":false,"runtime_class":"WARN","station_id":"nv262631"},{"candidate_identity":"004d0ef230cfa0d6d29d3bc3b750eddf05d66d67d3c07945996bb92dfad85e03","candidate_mad_over_median":0.00083090884677864,"candidate_median_seconds":0.928979053045623,"candidate_repeat_counts":[2,2,2,2,2,2,2,2,2],"candidate_samples_seconds":[0.928979053045623,0.9292118359589949,0.9297509499592707,0.926949277985841,0.9288257844746113,0.931009542546235,0.9288404694525525,0.9263480539666489,0.9303894640179351],"complete":true,"discarded_contaminated_trial_indices":[],"faithful_identity":"d2cfebb2e9a7bff2f7b9f4f03f9ed0585f39677f0de52682b2735339cfe75aba","faithful_mad_over_median":0.006313967865023907,"faithful_median_seconds":0.1479281467119498,"faithful_repeat_counts":[7,7,7,7,7,7,7,7,7],"faithful_samples_seconds":[0.1479281467119498,0.1493046430072614,0.14893522382979946,0.146994133147278,0.1476312409753778,0.14694287943919854,0.14926183057416761,0.1472838331413056,0.1483284498431853],"horizon_years":100,"ratio":6.279934371479414,"regime":"arid_boundary","rerun_used":false,"runtime_class":"WARN","station_id":"nv262631"},{"candidate_identity":"33b34cf015b150ccaf6bc0fb1ee7b7d830623c5c00a54b28cd2a18d740d5d233","candidate_mad_over_median":0.0009973233748713417,"candidate_median_seconds":0.27917176799383014,"candidate_repeat_counts":[4,4,4,4,4,4,4,4,4],"candidate_samples_seconds":[0.27871148771373555,0.27927624725271016,0.27917176799383014,0.2795428070239723,0.28069364046677947,0.2790933837532066,0.27954605204286054,0.27889334346400574,0.279160323261749],"complete":true,"discarded_contaminated_trial_indices":[],"faithful_identity":"641613470a3988a9cd7a55c2d400efe3a8e6193fec44015b864eaa7e360c4cdf","faithful_mad_over_median":0.0014550429357075973,"faithful_median_seconds":0.0564983289481865,"faithful_repeat_counts":[18,18,18,18,18,18,18,18,18],"faithful_samples_seconds":[0.056580536442601845,0.055635591335077256,0.055954778773917094,0.05610398560141524,0.05763182106117407,0.05654100633950697,0.05647024199263089,0.05655422555800113,0.0564983289481865],"horizon_years":30,"ratio":4.941239381608137,"regime":"monsoonal_transition","rerun_used":false,"runtime_class":"PASS","station_id":"az028820"},{"candidate_identity":"901160c5cb65ceec969f699749db71f87f2fb86e1e11879a1773c8b08928bed4","candidate_mad_over_median":0.0018527792283673725,"candidate_median_seconds":0.9286851155338809,"candidate_repeat_counts":[2,2,2,2,2,2,2,2,2],"candidate_samples_seconds":[0.9306887559359893,0.926847378956154,0.9294476080685854,0.930405764025636,0.9286851155338809,0.9259743775473908,0.9278174890205264,0.9267042855499312,0.9290183375123888],"complete":true,"discarded_contaminated_trial_indices":[],"faithful_identity":"d605a2f81c5d2ab4950ad4de1fd7da6c3a203ab89788dac967e282bde657fbde","faithful_mad_over_median":0.003520942795088584,"faithful_median_seconds":0.1629506664217583,"faithful_repeat_counts":[7,7,7,7,7,7,7,7,7],"faithful_samples_seconds":[0.1623740435710975,0.16552135957005834,0.1629841918724456,0.16375902983626084,0.16359608716863608,0.16265237228279666,0.1629506664217583,0.16237692644686572,0.16272372443095914],"horizon_years":100,"ratio":5.699179610166212,"regime":"monsoonal_transition","rerun_used":false,"runtime_class":"WARN","station_id":"az028820"},{"candidate_identity":"7a9ee3064319074d4360bc1460a7eb75ec9742d64392e4318f9d7ae567635c35","candidate_mad_over_median":0.0025422214845773512,"candidate_median_seconds":0.2783963810070418,"candidate_repeat_counts":[4,4,4,4,4,4,4,4,4],"candidate_samples_seconds":[0.2783963810070418,0.27759725123178214,0.2788830334902741,0.2781015462242067,0.27915083576226607,0.27735370624577627,0.27910412626806647,0.2777894967584871,0.2792916694888845],"complete":true,"discarded_contaminated_trial_indices":[],"faithful_identity":"c2fd97251c468d0bd70b4c38b8fa4bfb9c052c4b4ea51541b3439c177757ebd6","faithful_mad_over_median":0.002169732079778402,"faithful_median_seconds":0.04745740781072527,"faithful_repeat_counts":[22,22,22,22,21,22,21,21,21],"faithful_samples_seconds":[0.04741445781705393,0.04742057954850183,0.04745740781072527,0.04738080768253316,0.048035902004422884,0.047354437950575215,0.04790478994670723,0.047707088624260256,0.04798944199102975],"horizon_years":30,"ratio":5.866236565582598,"regime":"non_monsoonal_semi_arid","rerun_used":false,"runtime_class":"WARN","station_id":"id101022"},{"candidate_identity":"996f47104a6ec6ebd7cc518fab4fd398daab04ec070864f7dfc6f9dca446db06","candidate_mad_over_median":0.0004158087258494126,"candidate_median_seconds":0.9277498900191858,"candidate_repeat_counts":[2,2,2,2,2,2,2,2,2],"candidate_samples_seconds":[0.92811628151685,0.927690815529786,0.9296815010020509,0.9273868289310485,0.9270021570846438,0.9277498900191858,0.9292401454877108,0.9326308120507747,0.92736412351951],"complete":true,