{"minimum_timed_seconds":1.0,"rows":[{"candidate_identity":"1c7a844d337eaa394f602fb36c454666ca872d21a7e01d4accf0efce5e18bee8","candidate_mad_over_median":0.000624062703108647,"candidate_median_seconds":0.5513420385541394,"candidate_repeat_counts":[2,2,2,2,2,2,2,2,2],"candidate_samples_seconds":[0.5508521080482751,0.5535752209834754,0.5535439264494926,0.5515272764023393,0.5510735809803009,0.551686110557057,0.5513190641067922,0.5513420385541394,0.5507481950335205],"complete":true,"discarded_contaminated_trial_indices":[],"faithful_identity":"82834af466e082067b9791845ca33d9caab075bb1267508b61558f2063fd1ca0","faithful_mad_over_median":0.0038264287948287052,"faithful_median_seconds":0.05744884011801332,"faithful_repeat_counts":[18,18,18,18,18,18,18,18,18],"faithful_samples_seconds":[0.057347233329589166,0.057229016221956246,0.05752913649970045,0.0574528828340893,0.057861567112720676,0.057098222107419536,0.05744884011801332,0.057134928828519255,0.05777029466763553],"horizon_years":30,"ratio":9.597096084473668,"regime":"hot_arid","rerun_used":false,"runtime_class":"WARN","station_id":"az026481"},{"candidate_identity":"4555fc69261e34e647b830bc0b63b47333bf488c7f0c0a1ebde6a1952e53af46","candidate_mad_over_median":0.0005547823487891741,"candidate_median_seconds":1.8361072391271591,"candidate_repeat_counts":[1,1,1,1,1,1,1,1,1],"candidate_samples_seconds":[1.8377604328561574,1.836036769906059,1.8338368718978018,1.8353427569381893,1.8353379969485104,1.843608805211261,1.8361072391271591,1.8381882389076054,1.837125879013911],"complete":true,"discarded_contaminated_trial_indices":[],"faithful_identity":"645228f7f0bc4791f636c0518ebb12cbb5262e40ea5983c5dce50788b2fcfee4","faithful_mad_over_median":0.0013477833517107384,"faithful_median_seconds":0.17002556348840395,"faithful_repeat_counts":[6,6,6,6,6,6,6,6,6],"faithful_samples_seconds":[0.17031072732061148,0.17006669150820622,0.16998207569122314,0.16941981952792654,0.17080026251884797,0.169521308504045,0.16979640586456904,0.1700973411789164,0.17002556348840395],"horizon_years":100,"ratio":10.799006934344817,"regime":"hot_arid","rerun_used":false,"runtime_class":"FAIL","station_id":"az026481"},{"candidate_identity":"817291eba2c5d6a0a7bc6212db29b8ae6f4cb889af3a9527597b47fbcf335d0d","candidate_mad_over_median":0.0011298737831475607,"candidate_median_seconds":0.5512858589645475,"candidate_repeat_counts":[2,2,2,2,2,2,2,2,2],"candidate_samples_seconds":[0.5512555444147438,0.5521476860158145,0.5531376104336232,0.5512858589645475,0.5498456839704886,0.5506629755254835,0.551446822588332,0.5511162510374561,0.5519281279994175],"complete":true,"discarded_contaminated_trial_indices":[],"faithful_identity":"1120e2d957b28b6973ad83d6f2bfc064e135acb96134f9662a1c9e63b7cf7cd3","faithful_mad_over_median":0.0016434472025221292,"faithful_median_seconds":0.050365924998186526,"faithful_repeat_counts":[20,20,20,20,20,20,20,20,20],"faithful_samples_seconds":[0.05043186779366806,0.05028315125964582,0.050275426905136554,0.05031147199915722,0.05036811894970015,0.05086743945721537,0.050365924998186526,0.05003747319569811,0.05060010965680704],"horizon_years":30,"ratio":10.945611720312833,"regime":"arid_boundary","rerun_used":false,"runtime_class":"FAIL","station_id":"nv262631"},{"candidate_identity":"8c2506492ca3cc010ab3f5eb271827bf6475265e2f090797ff9fb4977caddc10","candidate_mad_over_median":0.0006638146520781316,"candidate_median_seconds":1.8314254810102284,"candidate_repeat_counts":[1,1,1,1,1,1,1,1,1],"candidate_samples_seconds":[1.8329963311553001,1.8339576160069555,1.8328665071167052,1.8305975100956857,1.832822818076238,1.8314254810102284,1.8302097539417446,1.8311940929852426,1.8312432039529085],"complete":true,"discarded_contaminated_trial_indices":[],"faithful_identity":"32dbd5d6268e99d7b481dedbdbbd84b3597d2eec666fe3a5d724d0bb5db52d9c","faithful_mad_over_median":0.005850933039206617,"faithful_median_seconds":0.1475175891204604,"faithful_repeat_counts":[7,7,7,7,7,7,7,7,7],"faithful_samples_seconds":[0.14884720343564237,0.14702442684210837,0.14787074002171202,0.14656870569368557,0.14888664401535476,0.14722431500974512,0.1475175891204604,0.1466544735844114,0.14842381441433514],"horizon_years":100,"ratio":12.41496347608228,"regime":"arid_boundary","rerun_used":false,"runtime_class":"FAIL","station_id":"nv262631"},{"candidate_identity":"f1c8a53ff35246350bdb1d7646d1bddbd300500dba542ae7e983592347b5ea89","candidate_mad_over_median":0.0007534897516445415,"candidate_median_seconds":0.5500883400673047,"candidate_repeat_counts":[2,2,2,2,2,2,2,2,2],"candidate_samples_seconds":[0.5495993494987488,0.5503392620012164,0.5496312095783651,0.5500883400673047,0.5495421650120988,0.5504818960325792,0.5505028259940445,0.5503038229653612,0.5495439949445426],"complete":true,"discarded_contaminated_trial_indices":[],"faithful_identity":"dfc00dad4a52dce42b34c6bd7b0b49a4c912bbdf66a8ed10fd0f6b228d5b1d45","faithful_mad_over_median":0.003112417559709369,"faithful_median_seconds":0.056216930000421904,"faithful_repeat_counts":[18,18,18,18,18,18,18,18,18],"faithful_samples_seconds":[0.05649720394932148,0.055949382225258484,0.05662293099643042,0.056122442099472716,0.05639190056050817,0.055919666890986264,0.056216930000421904,0.05637921399385151,0.05608537693559709],"horizon_years":30,"ratio":9.78510103741304,"regime":"monsoonal_transition","rerun_used":false,"runtime_class":"WARN","station_id":"az028820"},{"candidate_identity":"605a111de14153cc0de4c8c7e02e96f250d637b3b1ea12048c469992ec87474e","candidate_mad_over_median":0.0005026109824894246,"candidate_median_seconds":1.8306402701418847,"candidate_repeat_counts":[1,1,1,1,1,1,1,1,1],"candidate_samples_seconds":[1.83057018998079,1.8321789340116084,1.8315603700466454,1.8312029840890318,1.829898187192157,1.8306402701418847,1.8280275398865342,1.8332958549726754,1.829469284042716],"complete":true,"discarded_contaminated_trial_indices":[],"faithful_identity":"ead05b7b3a9d8dcd7a9b2a2c8593a54738318f5fe5b85bca7f926aac9cc7214a","faithful_mad_over_median":0.0022152731696096217,"faithful_median_seconds":0.16286769170047982,"faithful_repeat_counts":[7,7,7,7,7,7,7,7,7],"faithful_samples_seconds":[0.16268747772223183,0.1625068952728595,0.16329057458122925,0.16214771455686008,0.16398668615147471,0.16286769170047982,0.16358470431129848,0.16320736100897193,0.16284079899612283],"horizon_years":100,"ratio":11.240045530383675,"regime":"monsoonal_transition","rerun_used":false,"runtime_class":"FAIL","station_id":"az028820"},{"candidate_identity":"dc0bfc99d77a255e414444338d870dfff4a21014c647d5282c5a7c1ab2cbf0f3","candidate_mad_over_median":0.00039908229302152825,"candidate_median_seconds":0.5499052135273814,"candidate_repeat_counts":[2,2,2,2,2,2,2,2,2],"candidate_samples_seconds":[0.5499052135273814,0.550851023523137,0.5496857560938224,0.5505246825050563,0.5497570695588365,0.5498608489288017,0.5502530799712986,0.5501808105036616,0.5498208189383149],"complete":true,"discarded_contaminated_trial_indices":[],"faithful_identity":"dce96cd718faa8532cc6f944dd3383aa236a90abc6483685b69fdceae22cabf1","faithful_mad_over_median":0.003570547002232397,"faithful_median_seconds":0.04769423600685384,"faithful_repeat_counts":[21,22,22,22,21,21,22,21,21],"faithful_samples_seconds":[0.047739124668407296,0.0473507896319709,0.0475239414954558,0.047148347133770585,0.047950756802622764,0.04769423600685384,0.047685807179236275,0.04805689761858611,0.047756755436282786],"horizon_years":30,"ratio":11.529804428534257,"regime":"non_monsoonal_semi_arid","rerun_used":false,"runtime_class":"FAIL","station_id":"id101022"},{"candidate_identity":"d60665cf2109de057b3ad0f5cd9aa20d1ebb410ad1318b09c01ffb2936b35308","candidate_mad_over_median":0.0008397159846459405,"candidate_median_seconds":1.8316613021306694,"candidate_repeat_counts":[1,1,1,1,1,1,1,1,1],"candidate_samples_seconds":[1.831236075842753,1.830528263002634,1.829577713040635,1.8333185950759798,1.840914478059858,1.8301232268568128,1.8316613021306694,1.8326830419246107,1.8340390569064766],"complete":true,