{"architecture":"monthly_residual_adapter","backbone_capacity":"P2","calendar_preflight_sha256":"72d7d1481c7ea1fddd12e56e3fb4e812debed283674f076c4ccd7b58a142b5aa","capacity":"K2","configuration_id":"monthly_residual_adapter-k2","contract_sha256":"ddcbd2e2be56d44e4b8389f738dbb3badc84daaaffbfce37cf3188a72ff2d191","corpus":{"aggregate_bytes":223799545,"normalization_role":"candidate_fit","object_count":98,"role_counts":{"candidate_fit":1200,"fit_validation":240}},"median_candidate_metrics":{"block_scores":{"annual_interannual_dispersion":0.8715264350175858,"annual_location":1.8654522091150283,"monthly_interannual_dispersion":1.523436152935028,"monthly_location":3.608807623386383,"precipitation_temperature_dependence":2.9094756692647934,"wet_occurrence_and_amount":1.0664657697081565,"within_month_daily_dispersion":6.793144118785858},"daily_proper_nll":4.269120669364929,"family_balanced_climate_score":2.6650374616895403},"protected_roles_opened":[],"role_id":"monthly-residual-adapter-k2","schema_version":1,"seed_files":["seeds/147031.json","seeds/271828.json","seeds/314159.json"],"seeds":[147031,271828,314159],"total_parameter_count":276987,"training_wall_seconds":1995.2305494679604}
